filename,name,datum,utm_zone,date,size
PNOA-MDT05-ETRS89-HU29-0001-LID.TIF,0001,MDT05,29,2010,21.68
PNOA-MDT05-ETRS89-HU29-0002-LID.TIF,0002,MDT05,29,"2009, 2010",32.33
PNOA-MDT05-ETRS89-HU29-0003-LID.TIF,0003,MDT05,29,2009,8.44
PNOA-MDT05-ETRS89-HU29-0006-LID.TIF,0006,MDT05,29,2010,13.95
PNOA-MDT05-ETRS89-HU29-0007-LID.TIF,0007,MDT05,29,2010,74.57
PNOA-MDT05-ETRS89-HU29-0008-LID.TIF,0008,MDT05,29,"2009, 2010",84.8
PNOA-MDT05-ETRS89-HU29-0009-LID.TIF,0009,MDT05,29,2009,64.66
PNOA-MDT05-ETRS89-HU29-0010-LID.TIF,0010,MDT05,29,"2009, 2012",27.83
PNOA-MDT05-ETRS89-HU29-0011-LID.TIF,0011,MDT05,29,2012,29.37
PNOA-MDT05-ETRS89-HU29-0012-LID.TIF,0012,MDT05,29,2012,32.73
PNOA-MDT05-ETRS89-HU29-0013-LID.TIF,0013,MDT05,29,2012,41.76
PNOA-MDT05-ETRS89-HU29-0020-LID.TIF,0020,MDT05,29,2010,0.64
PNOA-MDT05-ETRS89-HU29-0021-LID.TIF,0021,MDT05,29,2010,29.73
PNOA-MDT05-ETRS89-HU29-0022-LID.TIF,0022,MDT05,29,"2009, 2010",79.42
PNOA-MDT05-ETRS89-HU29-0023-LID.TIF,0023,MDT05,29,"2009, 2010",80.67
PNOA-MDT05-ETRS89-HU29-0024-LID.TIF,0024,MDT05,29,"2009, 2012",84.98
PNOA-MDT05-ETRS89-HU29-0025-LID.TIF,0025,MDT05,29,"2009, 2012",83.49
PNOA-MDT05-ETRS89-HU29-0026-LID.TIF,0026,MDT05,29,2012,84.99
PNOA-MDT05-ETRS89-HU29-0027-LID.TIF,0027,MDT05,29,2012,84.32
PNOA-MDT05-ETRS89-HU29-0028-LID.TIF,0028,MDT05,29,2012,84.35
PNOA-MDT05-ETRS89-HU29-0043-LID.TIF,0043,MDT05,29,2010,34.59
PNOA-MDT05-ETRS89-HU29-0044-LID.TIF,0044,MDT05,29,2010,66.8
PNOA-MDT05-ETRS89-HU29-0045-LID.TIF,0045,MDT05,29,2010,78.97
PNOA-MDT05-ETRS89-HU29-0046-LID.TIF,0046,MDT05,29,"2009, 2010",80.09
PNOA-MDT05-ETRS89-HU29-0047-LID.TIF,0047,MDT05,29,"2009, 2010",76.18
PNOA-MDT05-ETRS89-HU29-0048-LID.TIF,0048,MDT05,29,2009,79.69
PNOA-MDT05-ETRS89-HU29-0049-LID.TIF,0049,MDT05,29,"2009, 2012",84.15
PNOA-MDT05-ETRS89-HU29-0050-LID.TIF,0050,MDT05,29,"2009, 2012",84.3
PNOA-MDT05-ETRS89-HU29-0051-LID.TIF,0051,MDT05,29,2012,86.03
PNOA-MDT05-ETRS89-HU29-0052-LID.TIF,0052,MDT05,29,2012,87.88
PNOA-MDT05-ETRS89-HU29-0067-LID.TIF,0067,MDT05,29,2010,12.26
PNOA-MDT05-ETRS89-HU29-0068-LID.TIF,0068,MDT05,29,2010,75.83
PNOA-MDT05-ETRS89-HU29-0069-LID.TIF,0069,MDT05,29,2010,77.22
PNOA-MDT05-ETRS89-HU29-0070-LID.TIF,0070,MDT05,29,2010,77.92
PNOA-MDT05-ETRS89-HU29-0071-LID.TIF,0071,MDT05,29,"2009, 2010",78.24
PNOA-MDT05-ETRS89-HU29-0072-LID.TIF,0072,MDT05,29,2009,77.02
PNOA-MDT05-ETRS89-HU29-0073-LID.TIF,0073,MDT05,29,2009,81.76
PNOA-MDT05-ETRS89-HU29-0074-LID.TIF,0074,MDT05,29,"2009, 2012",86.31
PNOA-MDT05-ETRS89-HU29-0075-LID.TIF,0075,MDT05,29,"2009, 2010, 2012",85.62
PNOA-MDT05-ETRS89-HU29-0076-LID.TIF,0076,MDT05,29,"2010, 2012",85.6
PNOA-MDT05-ETRS89-HU29-0077-LID.TIF,0077,MDT05,29,"2010, 2012",86.95
PNOA-MDT05-ETRS89-HU29-0092-LID.TIF,0092,MDT05,29,2010,10.59
PNOA-MDT05-ETRS89-HU29-0093-LID.TIF,0093,MDT05,29,2010,72.07
PNOA-MDT05-ETRS89-HU29-0094-LID.TIF,0094,MDT05,29,2010,79.63
PNOA-MDT05-ETRS89-HU29-0095-LID.TIF,0095,MDT05,29,2010,78.76
PNOA-MDT05-ETRS89-HU29-0096-LID.TIF,0096,MDT05,29,"2009, 2010",79.61
PNOA-MDT05-ETRS89-HU29-0097-LID.TIF,0097,MDT05,29,2009,79.88
PNOA-MDT05-ETRS89-HU29-0098-LID.TIF,0098,MDT05,29,2009,81.75
PNOA-MDT05-ETRS89-HU29-0099-LID.TIF,0099,MDT05,29,"2009, 2010, 2012",87.68
PNOA-MDT05-ETRS89-HU29-0100-LID.TIF,0100,MDT05,29,"2009, 2010, 2012",85.59
PNOA-MDT05-ETRS89-HU29-0101-LID.TIF,0101,MDT05,29,"2010, 2012",86.46
PNOA-MDT05-ETRS89-HU29-0102-LID.TIF,0102,MDT05,29,"2010, 2012",86.06
PNOA-MDT05-ETRS89-HU29-0119-LID.TIF,0119,MDT05,29,2010,45.99
PNOA-MDT05-ETRS89-HU29-0120-LID.TIF,0120,MDT05,29,2010,81.08
PNOA-MDT05-ETRS89-HU29-0121-LID.TIF,0121,MDT05,29,2010,81.28
PNOA-MDT05-ETRS89-HU29-0122-LID.TIF,0122,MDT05,29,"2009, 2010",80.35
PNOA-MDT05-ETRS89-HU29-0123-LID.TIF,0123,MDT05,29,2009,80.73
PNOA-MDT05-ETRS89-HU29-0124-LID.TIF,0124,MDT05,29,2009,83.09
PNOA-MDT05-ETRS89-HU29-0125-LID.TIF,0125,MDT05,29,"2009, 2010",86.98
PNOA-MDT05-ETRS89-HU29-0126-LID.TIF,0126,MDT05,29,"2009, 2010, 2012",86.47
PNOA-MDT05-ETRS89-HU29-0127-LID.TIF,0127,MDT05,29,"2010, 2012",86.85
PNOA-MDT05-ETRS89-HU29-0128-LID.TIF,0128,MDT05,29,2010,83.02
PNOA-MDT05-ETRS89-HU29-0151-LID.TIF,0151,MDT05,29,2010,26.67
PNOA-MDT05-ETRS89-HU29-0152-LID.TIF,0152,MDT05,29,2010,69
PNOA-MDT05-ETRS89-HU29-0153-LID.TIF,0153,MDT05,29,"2009, 2010",83.24
PNOA-MDT05-ETRS89-HU29-0154-LID.TIF,0154,MDT05,29,"2009, 2010",81.6
PNOA-MDT05-ETRS89-HU29-0155-LID.TIF,0155,MDT05,29,2009,80.9
PNOA-MDT05-ETRS89-HU29-0156-LID.TIF,0156,MDT05,29,2009,84.53
PNOA-MDT05-ETRS89-HU29-0157-LID.TIF,0157,MDT05,29,"2009, 2010",87.8
PNOA-MDT05-ETRS89-HU29-0158-LID.TIF,0158,MDT05,29,"2009, 2010",80.9
PNOA-MDT05-ETRS89-HU29-0159-LID.TIF,0159,MDT05,29,2010,84.09
PNOA-MDT05-ETRS89-HU29-0160-LID.TIF,0160,MDT05,29,2010,77.32
PNOA-MDT05-ETRS89-HU29-0184-LID.TIF,0184,MDT05,29,2010,6.45
PNOA-MDT05-ETRS89-HU29-0185-LID.TIF,0185,MDT05,29,"2009, 2010",67.54
PNOA-MDT05-ETRS89-HU29-0186-LID.TIF,0186,MDT05,29,"2009, 2010",83.81
PNOA-MDT05-ETRS89-HU29-0187-LID.TIF,0187,MDT05,29,2009,82.2
PNOA-MDT05-ETRS89-HU29-0188-LID.TIF,0188,MDT05,29,2009,83.36
PNOA-MDT05-ETRS89-HU29-0189-LID.TIF,0189,MDT05,29,2009,85.8
PNOA-MDT05-ETRS89-HU29-0190-LID.TIF,0190,MDT05,29,"2009, 2010",87.45
PNOA-MDT05-ETRS89-HU29-0191-LID.TIF,0191,MDT05,29,"2009, 2010",88.32
PNOA-MDT05-ETRS89-HU29-0192-LID.TIF,0192,MDT05,29,2010,83.46
PNOA-MDT05-ETRS89-HU29-0193-LID.TIF,0193,MDT05,29,2010,73.69
PNOA-MDT05-ETRS89-HU29-0222-LID.TIF,0222,MDT05,29,2010,1.87
PNOA-MDT05-ETRS89-HU29-0223-LID.TIF,0223,MDT05,29,"2009, 2010",65.1
PNOA-MDT05-ETRS89-HU29-0224-LID.TIF,0224,MDT05,29,2009,84.47
PNOA-MDT05-ETRS89-HU29-0225-LID.TIF,0225,MDT05,29,2009,82.4
PNOA-MDT05-ETRS89-HU29-0226-LID.TIF,0226,MDT05,29,2009,81.4
PNOA-MDT05-ETRS89-HU29-0227-LID.TIF,0227,MDT05,29,2009,84.15
PNOA-MDT05-ETRS89-HU29-0228-LID.TIF,0228,MDT05,29,"2009, 2010",84
PNOA-MDT05-ETRS89-HU29-0229-LID.TIF,0229,MDT05,29,"2009, 2010",87
PNOA-MDT05-ETRS89-HU29-0230-LID.TIF,0230,MDT05,29,2010,84.85
PNOA-MDT05-ETRS89-HU29-0231-LID.TIF,0231,MDT05,29,2010,74.88
PNOA-MDT05-ETRS89-HU29-0260-LID.TIF,0260,MDT05,29,"2009, 2010",6.92
PNOA-MDT05-ETRS89-HU29-0261-LID.TIF,0261,MDT05,29,"2009, 2010",75.84
PNOA-MDT05-ETRS89-HU29-0262-LID.TIF,0262,MDT05,29,2009,48.34
PNOA-MDT05-ETRS89-HU29-0263-LID.TIF,0263,MDT05,29,2009,78.58
PNOA-MDT05-ETRS89-HU29-0264-LID.TIF,0264,MDT05,29,2009,72.36
PNOA-MDT05-ETRS89-HU29-0265-LID.TIF,0265,MDT05,29,2009,84.79
PNOA-MDT05-ETRS89-HU29-0266-LID.TIF,0266,MDT05,29,"2009, 2010",84.59
PNOA-MDT05-ETRS89-HU29-0267-LID.TIF,0267,MDT05,29,2010,81.92
PNOA-MDT05-ETRS89-HU29-0268-LID.TIF,0268,MDT05,29,2010,79.24
PNOA-MDT05-ETRS89-HU29-0269-LID.TIF,0269,MDT05,29,2010,75.37
PNOA-MDT05-ETRS89-HU29-0298-LID.TIF,0298,MDT05,29,2009,6.5
PNOA-MDT05-ETRS89-HU29-0299-LID.TIF,0299,MDT05,29,2009,26.48
PNOA-MDT05-ETRS89-HU29-0300B-LID.TIF,0300,MDT05,29,2009,0.44
PNOA-MDT05-ETRS89-HU29-0300-LID.TIF,0300,MDT05,29,2009,11.48
PNOA-MDT05-ETRS89-HU29-0301-LID.TIF,0301,MDT05,29,2009,82.16
PNOA-MDT05-ETRS89-HU29-0302B-LID.TIF,0302,MDT05,29,2009,7.56
PNOA-MDT05-ETRS89-HU29-0302-LID.TIF,0302,MDT05,29,2009,77.86
PNOA-MDT05-ETRS89-HU29-0303B-LID.TIF,0303,MDT05,29,2009,10.82
PNOA-MDT05-ETRS89-HU29-0303-LID.TIF,0303,MDT05,29,2009,82.17
PNOA-MDT05-ETRS89-HU29-0304-LID.TIF,0304,MDT05,29,"2009, 2010",41.87
PNOA-MDT05-ETRS89-HU29-0305-LID.TIF,0305,MDT05,29,2010,57.2
PNOA-MDT05-ETRS89-HU29-0306-LID.TIF,0306,MDT05,29,2010,79.33
PNOA-MDT05-ETRS89-HU29-0307-LID.TIF,0307,MDT05,29,2010,76.7
PNOA-MDT05-ETRS89-HU29-0336-LID.TIF,0336,MDT05,29,2009,14.96
PNOA-MDT05-ETRS89-HU29-0337-LID.TIF,0337,MDT05,29,"2010, 2014",25.19
PNOA-MDT05-ETRS89-HU29-0338-LID.TIF,0338,MDT05,29,"2010, 2014",80.22
PNOA-MDT05-ETRS89-HU29-0339-LID.TIF,0339,MDT05,29,"2010, 2014",79.71
PNOA-MDT05-ETRS89-HU29-0367-LID.TIF,0367,MDT05,29,2014,42.45
PNOA-MDT05-ETRS89-HU29-0368-LID.TIF,0368,MDT05,29,"2010, 2014",77.29
PNOA-MDT05-ETRS89-HU29-0395-LID.TIF,0395,MDT05,29,2014,41.75
PNOA-MDT05-ETRS89-HU29-0396-LID.TIF,0396,MDT05,29,2014,77.75
PNOA-MDT05-ETRS89-HU29-0422-LID.TIF,0422,MDT05,29,2014,27.01
PNOA-MDT05-ETRS89-HU29-0423-LID.TIF,0423,MDT05,29,2014,67.78
PNOA-MDT05-ETRS89-HU29-0424-LID.TIF,0424,MDT05,29,2014,74.93
PNOA-MDT05-ETRS89-HU29-0448B-LID.TIF,0448,MDT05,29,2014,6.89
PNOA-MDT05-ETRS89-HU29-0449-LID.TIF,0449,MDT05,29,2014,69.12
PNOA-MDT05-ETRS89-HU29-0450-LID.TIF,0450,MDT05,29,2014,75.72
PNOA-MDT05-ETRS89-HU29-0451-LID.TIF,0451,MDT05,29,2014,76.95
PNOA-MDT05-ETRS89-HU29-0474-LID.TIF,0474,MDT05,29,2014,6.86
PNOA-MDT05-ETRS89-HU29-0475-LID.TIF,0475,MDT05,29,2014,78.75
PNOA-MDT05-ETRS89-HU29-0476-LID.TIF,0476,MDT05,29,2014,78.15
PNOA-MDT05-ETRS89-HU29-0477-LID.TIF,0477,MDT05,29,2014,75.48
PNOA-MDT05-ETRS89-HU29-0500-LID.TIF,0500,MDT05,29,2014,75.86
PNOA-MDT05-ETRS89-HU29-0501-LID.TIF,0501,MDT05,29,2014,72.77
PNOA-MDT05-ETRS89-HU29-0502-LID.TIF,0502,MDT05,29,2014,77.72
PNOA-MDT05-ETRS89-HU29-0525-LID.TIF,0525,MDT05,29,2014,73.75
PNOA-MDT05-ETRS89-HU29-0526-LID.TIF,0526,MDT05,29,"2010, 2014",80.78
PNOA-MDT05-ETRS89-HU29-0527-LID.TIF,0527,MDT05,29,"2010, 2014",84.82
PNOA-MDT05-ETRS89-HU29-0550-LID.TIF,0550,MDT05,29,"2010, 2014",79.42
PNOA-MDT05-ETRS89-HU29-0551-LID.TIF,0551,MDT05,29,"2010, 2014",89.16
PNOA-MDT05-ETRS89-HU29-0552-LID.TIF,0552,MDT05,29,"2010, 2014",90.21
PNOA-MDT05-ETRS89-HU29-0572-LID.TIF,0572,MDT05,29,"2010, 2014",47.11
PNOA-MDT05-ETRS89-HU29-0573-LID.TIF,0573,MDT05,29,"2010, 2014",87.37
PNOA-MDT05-ETRS89-HU29-0574-LID.TIF,0574,MDT05,29,2010,88.79
PNOA-MDT05-ETRS89-HU29-0575-LID.TIF,0575,MDT05,29,"2010, 2014",82.82
PNOA-MDT05-ETRS89-HU29-0595-LID.TIF,0595,MDT05,29,2010,37.33
PNOA-MDT05-ETRS89-HU29-0596-LID.TIF,0596,MDT05,29,2010,80.05
PNOA-MDT05-ETRS89-HU29-0597-LID.TIF,0597,MDT05,29,2010,82.12
PNOA-MDT05-ETRS89-HU29-0598-LID.TIF,0598,MDT05,29,2010,87.19
PNOA-MDT05-ETRS89-HU29-0620-LID.TIF,0620,MDT05,29,2010,31.57
PNOA-MDT05-ETRS89-HU29-0621-LID.TIF,0621,MDT05,29,2010,82.1
PNOA-MDT05-ETRS89-HU29-0622-LID.TIF,0622,MDT05,29,2010,81.51
PNOA-MDT05-ETRS89-HU29-0623-LID.TIF,0623,MDT05,29,2010,84.44
PNOA-MDT05-ETRS89-HU29-0648-LID.TIF,0648,MDT05,29,2010,51.08
PNOA-MDT05-ETRS89-HU29-0649-LID.TIF,0649,MDT05,29,2010,80.03
PNOA-MDT05-ETRS89-HU29-0650-LID.TIF,0650,MDT05,29,2010,81.74
PNOA-MDT05-ETRS89-HU29-0651-LID.TIF,0651,MDT05,29,2010,83.69
PNOA-MDT05-ETRS89-HU29-0674-LID.TIF,0674,MDT05,29,2010,21.5
PNOA-MDT05-ETRS89-HU29-0675-LID.TIF,0675,MDT05,29,2010,83.18
PNOA-MDT05-ETRS89-HU29-0676-LID.TIF,0676,MDT05,29,2010,82.46
PNOA-MDT05-ETRS89-HU29-0677-LID.TIF,0677,MDT05,29,2010,81.18
PNOA-MDT05-ETRS89-HU29-0678-LID.TIF,0678,MDT05,29,2010,82.99
PNOA-MDT05-ETRS89-HU29-0679-LID.TIF,0679,MDT05,29,2010,84.6
PNOA-MDT05-ETRS89-HU29-0701-LID.TIF,0701,MDT05,29,2010,63.95
PNOA-MDT05-ETRS89-HU29-0702-LID.TIF,0702,MDT05,29,2010,83.09
PNOA-MDT05-ETRS89-HU29-0703-LID.TIF,0703,MDT05,29,2010,83.08
PNOA-MDT05-ETRS89-HU29-0704-LID.TIF,0704,MDT05,29,2010,80.5
PNOA-MDT05-ETRS89-HU29-0705-LID.TIF,0705,MDT05,29,2010,83.81
PNOA-MDT05-ETRS89-HU29-0726-LID.TIF,0726,MDT05,29,2010,43.84
PNOA-MDT05-ETRS89-HU29-0727-LID.TIF,0727,MDT05,29,2010,81.64
PNOA-MDT05-ETRS89-HU29-0728-LID.TIF,0728,MDT05,29,2010,83.04
PNOA-MDT05-ETRS89-HU29-0729-LID.TIF,0729,MDT05,29,2010,82.86
PNOA-MDT05-ETRS89-HU29-0730-LID.TIF,0730,MDT05,29,2010,84.88
PNOA-MDT05-ETRS89-HU29-0750-LID.TIF,0750,MDT05,29,2010,60.26
PNOA-MDT05-ETRS89-HU29-0751-LID.TIF,0751,MDT05,29,2010,79.24
PNOA-MDT05-ETRS89-HU29-0752-LID.TIF,0752,MDT05,29,2010,82.1
PNOA-MDT05-ETRS89-HU29-0753-LID.TIF,0753,MDT05,29,2010,77.02
PNOA-MDT05-ETRS89-HU29-0775-LID.TIF,0775,MDT05,29,2010,56.07
PNOA-MDT05-ETRS89-HU29-0776-LID.TIF,0776,MDT05,29,2010,70.79
PNOA-MDT05-ETRS89-HU29-0777-LID.TIF,0777,MDT05,29,2010,79.96
PNOA-MDT05-ETRS89-HU29-0778-LID.TIF,0778,MDT05,29,2010,76.83
PNOA-MDT05-ETRS89-HU29-0800-LID.TIF,0800,MDT05,29,2010,22.09
PNOA-MDT05-ETRS89-HU29-0801-LID.TIF,0801,MDT05,29,2010,77.8
PNOA-MDT05-ETRS89-HU29-0802-LID.TIF,0802,MDT05,29,2010,79.42
PNOA-MDT05-ETRS89-HU29-0803-LID.TIF,0803,MDT05,29,2010,76.91
PNOA-MDT05-ETRS89-HU29-0804-LID.TIF,0804,MDT05,29,2010,88.11
PNOA-MDT05-ETRS89-HU29-0826-LID.TIF,0826,MDT05,29,2010,35.2
PNOA-MDT05-ETRS89-HU29-0827-LID.TIF,0827,MDT05,29,2010,84.38
PNOA-MDT05-ETRS89-HU29-0828-LID.TIF,0828,MDT05,29,2010,84.45
PNOA-MDT05-ETRS89-HU29-0829-LID.TIF,0829,MDT05,29,2010,81.64
PNOA-MDT05-ETRS89-HU29-0830-LID.TIF,0830,MDT05,29,2010,87.31
PNOA-MDT05-ETRS89-HU29-0851-LID.TIF,0851,MDT05,29,2010,35.31
PNOA-MDT05-ETRS89-HU29-0852-LID.TIF,0852,MDT05,29,2010,85.3
PNOA-MDT05-ETRS89-HU29-0853-LID.TIF,0853,MDT05,29,2010,88.91
PNOA-MDT05-ETRS89-HU29-0854-LID.TIF,0854,MDT05,29,2010,82.36
PNOA-MDT05-ETRS89-HU29-0855-LID.TIF,0855,MDT05,29,2010,85.94
PNOA-MDT05-ETRS89-HU29-0873-LID.TIF,0873,MDT05,29,2010,9.29
PNOA-MDT05-ETRS89-HU29-0874-LID.TIF,0874,MDT05,29,"2010, 2014",85.29
PNOA-MDT05-ETRS89-HU29-0875-LID.TIF,0875,MDT05,29,"2010, 2014",88.43
PNOA-MDT05-ETRS89-HU29-0876-LID.TIF,0876,MDT05,29,2010,85.5
PNOA-MDT05-ETRS89-HU29-0877-LID.TIF,0877,MDT05,29,2010,83.43
PNOA-MDT05-ETRS89-HU29-0895B-LID.TIF,0895,MDT05,29,"2010, 2014, 2015",2.3
PNOA-MDT05-ETRS89-HU29-0895-LID.TIF,0895,MDT05,29,"2010, 2014",65
PNOA-MDT05-ETRS89-HU29-0896-LID.TIF,0896,MDT05,29,"2010, 2014",88.85
PNOA-MDT05-ETRS89-HU29-0897-LID.TIF,0897,MDT05,29,"2010, 2014",89.46
PNOA-MDT05-ETRS89-HU29-0898-LID.TIF,0898,MDT05,29,"2010, 2014",90.78
PNOA-MDT05-ETRS89-HU29-0915-LID.TIF,0915,MDT05,29,2014,35.33
PNOA-MDT05-ETRS89-HU29-0916-LID.TIF,0916,MDT05,29,"2014, 2015",88.44
PNOA-MDT05-ETRS89-HU29-0917-LID.TIF,0917,MDT05,29,"2010, 2014, 2015",88.4
PNOA-MDT05-ETRS89-HU29-0918-LID.TIF,0918,MDT05,29,"2010, 2014, 2015",88.22
PNOA-MDT05-ETRS89-HU29-0919-LID.TIF,0919,MDT05,29,"2010, 2014",91.9
PNOA-MDT05-ETRS89-HU29-0936-LID.TIF,0936,MDT05,29,2014,73.83
PNOA-MDT05-ETRS89-HU29-0937-LID.TIF,0937,MDT05,29,"2014, 2015",81.33
PNOA-MDT05-ETRS89-HU29-0938-LID.TIF,0938,MDT05,29,"2014, 2015",83.47
PNOA-MDT05-ETRS89-HU29-0939-LID.TIF,0939,MDT05,29,"2014, 2015",86.77
PNOA-MDT05-ETRS89-HU29-0940-LID.TIF,0940,MDT05,29,2014,87.71
PNOA-MDT05-ETRS89-HU29-0958-LID.TIF,0958,MDT05,29,"2014, 2015",78.14
PNOA-MDT05-ETRS89-HU29-0959-LID.TIF,0959,MDT05,29,"2014, 2015",80.23
PNOA-MDT05-ETRS89-HU29-0960-LID.TIF,0960,MDT05,29,2015,83.65
PNOA-MDT05-ETRS89-HU29-0961-LID.TIF,0961,MDT05,29,"2014, 2015",86.93
PNOA-MDT05-ETRS89-HU29-0962-LID.TIF,0962,MDT05,29,2014,83.02
PNOA-MDT05-ETRS89-HU29-0980-LID.TIF,0980,MDT05,29,"2014, 2015",78.51
PNOA-MDT05-ETRS89-HU29-0981-LID.TIF,0981,MDT05,29,2015,75.54
PNOA-MDT05-ETRS89-HU29-0982-LID.TIF,0982,MDT05,29,"2014, 2015",76.5
PNOA-MDT05-ETRS89-HU29-0983-LID.TIF,0983,MDT05,29,"2014, 2015",79.94
PNOA-MDT05-ETRS89-HU29-0984-LID.TIF,0984,MDT05,29,2014,77.07
PNOA-MDT05-ETRS89-HU29-0998-LID.TIF,0998,MDT05,29,"2014, 2015",52.99
PNOA-MDT05-ETRS89-HU29-0999-LID.TIF,0999,MDT05,29,2015,56.18
PNOA-MDT05-ETRS89-HU29-1000-LID.TIF,1000,MDT05,29,"2014, 2015",73.32
PNOA-MDT05-ETRS89-HU29-1001-LID.TIF,1001,MDT05,29,2014,76.01
PNOA-MDT05-ETRS89-HU29-1002-LID.TIF,1002,MDT05,29,2014,71.33
PNOA-MDT05-ETRS89-HU29-1016-LID.TIF,1016,MDT05,29,2015,1.82
PNOA-MDT05-ETRS89-HU29-1017-LID.TIF,1017,MDT05,29,"2014, 2015",42.14
PNOA-MDT05-ETRS89-HU29-1018-LID.TIF,1018,MDT05,29,2014,56.62
PNOA-MDT05-ETRS89-HU29-1019-LID.TIF,1019,MDT05,29,2014,54.67
PNOA-MDT05-ETRS89-HU29-1032B-LID.TIF,1032,MDT05,29,2014,1.07
PNOA-MDT05-ETRS89-HU29-1033-LID.TIF,1033,MDT05,29,2014,47.63
PNOA-MDT05-ETRS89-HU29-1034-LID.TIF,1034,MDT05,29,"2014, 2015",76.22
PNOA-MDT05-ETRS89-HU29-1047-LID.TIF,1047,MDT05,29,"2014, 2015",51.79
PNOA-MDT05-ETRS89-HU29-1048-LID.TIF,1048,MDT05,29,"2014, 2015",83.9
PNOA-MDT05-ETRS89-HU29-1061-LID.TIF,1061,MDT05,29,2015,23.88
PNOA-MDT05-ETRS89-HU29-1062-LID.TIF,1062,MDT05,29,2015,80.13
PNOA-MDT05-ETRS89-HU29-1068-LID.TIF,1068,MDT05,29,2015,6.32
PNOA-MDT05-ETRS89-HU29-1069-LID.TIF,1069,MDT05,29,2015,83.45
PNOA-MDT05-ETRS89-HU29-1073-LID.TIF,1073,MDT05,29,2015,55.46
PNOA-MDT05-ETRS89-HU29-1076-LID.TIF,1076,MDT05,29,2015,1.27
PNOA-MDT05-ETRS89-HU30-0001-LID.TIF,0001,MDT05,30,2010,21.52
PNOA-MDT05-ETRS89-HU30-0002-LID.TIF,0002,MDT05,30,"2009, 2010",35.65
PNOA-MDT05-ETRS89-HU30-0003-LID.TIF,0003,MDT05,30,2009,10.45
PNOA-MDT05-ETRS89-HU30-0006-LID.TIF,0006,MDT05,30,2010,15.6
PNOA-MDT05-ETRS89-HU30-0007-LID.TIF,0007,MDT05,30,2010,81.3
PNOA-MDT05-ETRS89-HU30-0008-LID.TIF,0008,MDT05,30,"2009, 2010",91.79
PNOA-MDT05-ETRS89-HU30-0009-LID.TIF,0009,MDT05,30,2009,68.39
PNOA-MDT05-ETRS89-HU30-0010-LID.TIF,0010,MDT05,30,"2009, 2012",30.84
PNOA-MDT05-ETRS89-HU30-0011-LID.TIF,0011,MDT05,30,2012,32.29
PNOA-MDT05-ETRS89-HU30-0012-LID.TIF,0012,MDT05,30,2012,35.21
PNOA-MDT05-ETRS89-HU30-0013-LID.TIF,0013,MDT05,30,2012,42.66
PNOA-MDT05-ETRS89-HU30-0014-LID.TIF,0014,MDT05,30,2012,38.68
PNOA-MDT05-ETRS89-HU30-0015-LID.TIF,0015,MDT05,30,2012,16.3
PNOA-MDT05-ETRS89-HU30-0018-LID.TIF,0018,MDT05,30,2012,1.09
PNOA-MDT05-ETRS89-HU30-0020-LID.TIF,0020,MDT05,30,2010,1.51
PNOA-MDT05-ETRS89-HU30-0021-LID.TIF,0021,MDT05,30,2010,36.64
PNOA-MDT05-ETRS89-HU30-0022-LID.TIF,0022,MDT05,30,"2009, 2010",87.5
PNOA-MDT05-ETRS89-HU30-0023-LID.TIF,0023,MDT05,30,"2009, 2010",87.71
PNOA-MDT05-ETRS89-HU30-0024-LID.TIF,0024,MDT05,30,"2009, 2012",90.58
PNOA-MDT05-ETRS89-HU30-0025-LID.TIF,0025,MDT05,30,"2009, 2012",91.58
PNOA-MDT05-ETRS89-HU30-0026-LID.TIF,0026,MDT05,30,2012,91.92
PNOA-MDT05-ETRS89-HU30-0027-LID.TIF,0027,MDT05,30,2012,90.14
PNOA-MDT05-ETRS89-HU30-0028-LID.TIF,0028,MDT05,30,2012,87.71
PNOA-MDT05-ETRS89-HU30-0029-LID.TIF,0029,MDT05,30,2012,83.98
PNOA-MDT05-ETRS89-HU30-0030-LID.TIF,0030,MDT05,30,2012,83.7
PNOA-MDT05-ETRS89-HU30-0031-LID.TIF,0031,MDT05,30,"2010, 2012",66.52
PNOA-MDT05-ETRS89-HU30-0032-LID.TIF,0032,MDT05,30,"2010, 2012",40.38
PNOA-MDT05-ETRS89-HU30-0033-LID.TIF,0033,MDT05,30,2012,30.95
PNOA-MDT05-ETRS89-HU30-0034-LID.TIF,0034,MDT05,30,2012,51.77
PNOA-MDT05-ETRS89-HU30-0035-LID.TIF,0035,MDT05,30,2012,69.21
PNOA-MDT05-ETRS89-HU30-0036-LID.TIF,0036,MDT05,30,2012,40.77
PNOA-MDT05-ETRS89-HU30-0037-LID.TIF,0037,MDT05,30,2012,25.78
PNOA-MDT05-ETRS89-HU30-0038-LID.TIF,0038,MDT05,30,2012,39.6
PNOA-MDT05-ETRS89-HU30-0039-LID.TIF,0039,MDT05,30,2012,2.97
PNOA-MDT05-ETRS89-HU30-0040-LID.TIF,0040,MDT05,30,2012,2.87
PNOA-MDT05-ETRS89-HU30-0041-LID.TIF,0041,MDT05,30,2012,12.48
PNOA-MDT05-ETRS89-HU30-0043-LID.TIF,0043,MDT05,30,2010,38.85
PNOA-MDT05-ETRS89-HU30-0044-LID.TIF,0044,MDT05,30,2010,73.89
PNOA-MDT05-ETRS89-HU30-0045-LID.TIF,0045,MDT05,30,2010,88.11
PNOA-MDT05-ETRS89-HU30-0046-LID.TIF,0046,MDT05,30,"2009, 2010",88.46
PNOA-MDT05-ETRS89-HU30-0047-LID.TIF,0047,MDT05,30,"2009, 2010",82.5
PNOA-MDT05-ETRS89-HU30-0048-LID.TIF,0048,MDT05,30,2009,85.05
PNOA-MDT05-ETRS89-HU30-0049-LID.TIF,0049,MDT05,30,"2009, 2012",91.51
PNOA-MDT05-ETRS89-HU30-0050-LID.TIF,0050,MDT05,30,"2009, 2012",91.26
PNOA-MDT05-ETRS89-HU30-0051-LID.TIF,0051,MDT05,30,2012,91.57
PNOA-MDT05-ETRS89-HU30-0052-LID.TIF,0052,MDT05,30,2012,90.65
PNOA-MDT05-ETRS89-HU30-0053-LID.TIF,0053,MDT05,30,2012,89.32
PNOA-MDT05-ETRS89-HU30-0054-LID.TIF,0054,MDT05,30,2012,89.3
PNOA-MDT05-ETRS89-HU30-0055-LID.TIF,0055,MDT05,30,"2010, 2012",88.38
PNOA-MDT05-ETRS89-HU30-0056-LID.TIF,0056,MDT05,30,"2010, 2012",87.58
PNOA-MDT05-ETRS89-HU30-0057-LID.TIF,0057,MDT05,30,2012,85.9
PNOA-MDT05-ETRS89-HU30-0058-LID.TIF,0058,MDT05,30,2012,84.39
PNOA-MDT05-ETRS89-HU30-0059-LID.TIF,0059,MDT05,30,"2010, 2012",84.48
PNOA-MDT05-ETRS89-HU30-0060-LID.TIF,0060,MDT05,30,"2010, 2012",83.66
PNOA-MDT05-ETRS89-HU30-0061-LID.TIF,0061,MDT05,30,"2010, 2012",80.43
PNOA-MDT05-ETRS89-HU30-0062-LID.TIF,0062,MDT05,30,2012,82.48
PNOA-MDT05-ETRS89-HU30-0063-LID.TIF,0063,MDT05,30,2012,74.43
PNOA-MDT05-ETRS89-HU30-0064-LID.TIF,0064,MDT05,30,2012,74.47
PNOA-MDT05-ETRS89-HU30-0065-LID.TIF,0065,MDT05,30,2012,83.15
PNOA-MDT05-ETRS89-HU30-0066-LID.TIF,0066,MDT05,30,2012,35.07
PNOA-MDT05-ETRS89-HU30-0067-LID.TIF,0067,MDT05,30,2010,14.23
PNOA-MDT05-ETRS89-HU30-0068-LID.TIF,0068,MDT05,30,2010,86.95
PNOA-MDT05-ETRS89-HU30-0069-LID.TIF,0069,MDT05,30,2010,88.27
PNOA-MDT05-ETRS89-HU30-0070-LID.TIF,0070,MDT05,30,2010,87.58
PNOA-MDT05-ETRS89-HU30-0071-LID.TIF,0071,MDT05,30,"2009, 2010",86.52
PNOA-MDT05-ETRS89-HU30-0072-LID.TIF,0072,MDT05,30,2009,83.41
PNOA-MDT05-ETRS89-HU30-0073-LID.TIF,0073,MDT05,30,2009,87.27
PNOA-MDT05-ETRS89-HU30-0074-LID.TIF,0074,MDT05,30,"2009, 2012",92.13
PNOA-MDT05-ETRS89-HU30-0075-LID.TIF,0075,MDT05,30,"2009, 2010, 2012",92.08
PNOA-MDT05-ETRS89-HU30-0076-LID.TIF,0076,MDT05,30,"2010, 2012",90.4
PNOA-MDT05-ETRS89-HU30-0077-LID.TIF,0077,MDT05,30,"2010, 2012",89.36
PNOA-MDT05-ETRS89-HU30-0078-LID.TIF,0078,MDT05,30,"2010, 2012",89.6
PNOA-MDT05-ETRS89-HU30-0079-LID.TIF,0079,MDT05,30,"2010, 2012",87.04
PNOA-MDT05-ETRS89-HU30-0080-LID.TIF,0080,MDT05,30,"2010, 2012",86.01
PNOA-MDT05-ETRS89-HU30-0081-LID.TIF,0081,MDT05,30,"2010, 2012",86.79
PNOA-MDT05-ETRS89-HU30-0082-LID.TIF,0082,MDT05,30,"2010, 2012",84.77
PNOA-MDT05-ETRS89-HU30-0083-LID.TIF,0083,MDT05,30,"2010, 2012",78.04
PNOA-MDT05-ETRS89-HU30-0084-LID.TIF,0084,MDT05,30,"2010, 2012",82.29
PNOA-MDT05-ETRS89-HU30-0085-LID.TIF,0085,MDT05,30,"2010, 2012",79.59
PNOA-MDT05-ETRS89-HU30-0086-LID.TIF,0086,MDT05,30,"2010, 2012",80.83
PNOA-MDT05-ETRS89-HU30-0087-LID.TIF,0087,MDT05,30,2012,82.98
PNOA-MDT05-ETRS89-HU30-0088-LID.TIF,0088,MDT05,30,2012,85.2
PNOA-MDT05-ETRS89-HU30-0089-LID.TIF,0089,MDT05,30,2012,85.79
PNOA-MDT05-ETRS89-HU30-0090-LID.TIF,0090,MDT05,30,2012,85.58
PNOA-MDT05-ETRS89-HU30-0091B-LID.TIF,0091,MDT05,30,2012,10.36
PNOA-MDT05-ETRS89-HU30-0091-LID.TIF,0091,MDT05,30,2012,67.57
PNOA-MDT05-ETRS89-HU30-0092-LID.TIF,0092,MDT05,30,2010,12.61
PNOA-MDT05-ETRS89-HU30-0093-LID.TIF,0093,MDT05,30,2010,81.91
PNOA-MDT05-ETRS89-HU30-0094-LID.TIF,0094,MDT05,30,2010,90.75
PNOA-MDT05-ETRS89-HU30-0095-LID.TIF,0095,MDT05,30,2010,88.37
PNOA-MDT05-ETRS89-HU30-0096-LID.TIF,0096,MDT05,30,"2009, 2010",87.81
PNOA-MDT05-ETRS89-HU30-0097-LID.TIF,0097,MDT05,30,2009,86.85
PNOA-MDT05-ETRS89-HU30-0098-LID.TIF,0098,MDT05,30,2009,87.39
PNOA-MDT05-ETRS89-HU30-0099-LID.TIF,0099,MDT05,30,"2009, 2010, 2012",92.47
PNOA-MDT05-ETRS89-HU30-0100-LID.TIF,0100,MDT05,30,"2009, 2010, 2012",90.89
PNOA-MDT05-ETRS89-HU30-0101-LID.TIF,0101,MDT05,30,"2010, 2012",88.7
PNOA-MDT05-ETRS89-HU30-0102-LID.TIF,0102,MDT05,30,"2010, 2012",86.28
PNOA-MDT05-ETRS89-HU30-0103-LID.TIF,0103,MDT05,30,"2010, 2012",86.05
PNOA-MDT05-ETRS89-HU30-0104-LID.TIF,0104,MDT05,30,2010,84.11
PNOA-MDT05-ETRS89-HU30-0105-LID.TIF,0105,MDT05,30,2010,83.31
PNOA-MDT05-ETRS89-HU30-0106-LID.TIF,0106,MDT05,30,"2010, 2012",83.35
PNOA-MDT05-ETRS89-HU30-0107-LID.TIF,0107,MDT05,30,"2010, 2012",80.68
PNOA-MDT05-ETRS89-HU30-0108-LID.TIF,0108,MDT05,30,"2010, 2012",76.57
PNOA-MDT05-ETRS89-HU30-0109-LID.TIF,0109,MDT05,30,2010,79.5
PNOA-MDT05-ETRS89-HU30-0110-LID.TIF,0110,MDT05,30,"2010, 2012",78.77
PNOA-MDT05-ETRS89-HU30-0111-LID.TIF,0111,MDT05,30,"2010, 2012",78.29
PNOA-MDT05-ETRS89-HU30-0112-LID.TIF,0112,MDT05,30,"2010, 2012",69.24
PNOA-MDT05-ETRS89-HU30-0113-LID.TIF,0113,MDT05,30,2012,79.95
PNOA-MDT05-ETRS89-HU30-0114-LID.TIF,0114,MDT05,30,2012,80.85
PNOA-MDT05-ETRS89-HU30-0115-LID.TIF,0115,MDT05,30,2012,83.26
PNOA-MDT05-ETRS89-HU30-0116-LID.TIF,0116,MDT05,30,2012,84.28
PNOA-MDT05-ETRS89-HU30-0117-LID.TIF,0117,MDT05,30,"2010, 2012",82.34
PNOA-MDT05-ETRS89-HU30-0118B-LID.TIF,0118,MDT05,30,"2008, 2009, 2010",17.55
PNOA-MDT05-ETRS89-HU30-0118-LID.TIF,0118,MDT05,30,"2010, 2012",47.41
PNOA-MDT05-ETRS89-HU30-0119-LID.TIF,0119,MDT05,30,2010,53.54
PNOA-MDT05-ETRS89-HU30-0120-LID.TIF,0120,MDT05,30,2010,91.36
PNOA-MDT05-ETRS89-HU30-0121-LID.TIF,0121,MDT05,30,2010,91.28
PNOA-MDT05-ETRS89-HU30-0122-LID.TIF,0122,MDT05,30,"2009, 2010",88.67
PNOA-MDT05-ETRS89-HU30-0123-LID.TIF,0123,MDT05,30,2009,87.66
PNOA-MDT05-ETRS89-HU30-0124-LID.TIF,0124,MDT05,30,2009,88.78
PNOA-MDT05-ETRS89-HU30-0125-LID.TIF,0125,MDT05,30,"2009, 2010",91.53
PNOA-MDT05-ETRS89-HU30-0126-LID.TIF,0126,MDT05,30,"2009, 2010, 2012",89.47
PNOA-MDT05-ETRS89-HU30-0127-LID.TIF,0127,MDT05,30,"2010, 2012",88.49
PNOA-MDT05-ETRS89-HU30-0128-LID.TIF,0128,MDT05,30,2010,83.24
PNOA-MDT05-ETRS89-HU30-0129-LID.TIF,0129,MDT05,30,2010,81.24
PNOA-MDT05-ETRS89-HU30-0130-LID.TIF,0130,MDT05,30,2010,81.2
PNOA-MDT05-ETRS89-HU30-0131-LID.TIF,0131,MDT05,30,2010,79.65
PNOA-MDT05-ETRS89-HU30-0132-LID.TIF,0132,MDT05,30,2010,75.38
PNOA-MDT05-ETRS89-HU30-0133-LID.TIF,0133,MDT05,30,2010,76.64
PNOA-MDT05-ETRS89-HU30-0134-LID.TIF,0134,MDT05,30,2010,77.35
PNOA-MDT05-ETRS89-HU30-0135-LID.TIF,0135,MDT05,30,2010,78.73
PNOA-MDT05-ETRS89-HU30-0136-LID.TIF,0136,MDT05,30,"2010, 2012",79
PNOA-MDT05-ETRS89-HU30-0137-LID.TIF,0137,MDT05,30,"2010, 2012",77.64
PNOA-MDT05-ETRS89-HU30-0138-LID.TIF,0138,MDT05,30,"2010, 2012",78.35
PNOA-MDT05-ETRS89-HU30-0139-LID.TIF,0139,MDT05,30,"2010, 2012",76.71
PNOA-MDT05-ETRS89-HU30-0140-LID.TIF,0140,MDT05,30,2012,81.83
PNOA-MDT05-ETRS89-HU30-0141-LID.TIF,0141,MDT05,30,2012,80.61
PNOA-MDT05-ETRS89-HU30-0142-LID.TIF,0142,MDT05,30,"2010, 2012",82.74
PNOA-MDT05-ETRS89-HU30-0143-LID.TIF,0143,MDT05,30,"2010, 2012",85.85
PNOA-MDT05-ETRS89-HU30-0144-LID.TIF,0144,MDT05,30,"2010, 2012",88.2
PNOA-MDT05-ETRS89-HU30-0145B-LID.TIF,0145,MDT05,30,2010,7.44
PNOA-MDT05-ETRS89-HU30-0145-LID.TIF,0145,MDT05,30,2010,85.59
PNOA-MDT05-ETRS89-HU30-0146-LID.TIF,0146,MDT05,30,2010,45.11
PNOA-MDT05-ETRS89-HU30-0147-LID.TIF,0147,MDT05,30,2010,38.25
PNOA-MDT05-ETRS89-HU30-0148-LID.TIF,0148,MDT05,30,"2008, 2009, 2010",71.98
PNOA-MDT05-ETRS89-HU30-0149B-LID.TIF,0149,MDT05,30,"2008, 2009, 2010",5.16
PNOA-MDT05-ETRS89-HU30-0149-LID.TIF,0149,MDT05,30,"2008, 2009, 2010",85.4
PNOA-MDT05-ETRS89-HU30-0150-LID.TIF,0150,MDT05,30,"2008, 2009, 2010",43.03
PNOA-MDT05-ETRS89-HU30-0151-LID.TIF,0151,MDT05,30,2010,30.41
PNOA-MDT05-ETRS89-HU30-0152-LID.TIF,0152,MDT05,30,2010,79
PNOA-MDT05-ETRS89-HU30-0153-LID.TIF,0153,MDT05,30,"2009, 2010",93.46
PNOA-MDT05-ETRS89-HU30-0154-LID.TIF,0154,MDT05,30,"2009, 2010",90.12
PNOA-MDT05-ETRS89-HU30-0155-LID.TIF,0155,MDT05,30,2009,87.85
PNOA-MDT05-ETRS89-HU30-0156-LID.TIF,0156,MDT05,30,2009,90.34
PNOA-MDT05-ETRS89-HU30-0157-LID.TIF,0157,MDT05,30,"2009, 2010",92.33
PNOA-MDT05-ETRS89-HU30-0158-LID.TIF,0158,MDT05,30,"2009, 2010",83.8
PNOA-MDT05-ETRS89-HU30-0159-LID.TIF,0159,MDT05,30,2010,85.75
PNOA-MDT05-ETRS89-HU30-0160-LID.TIF,0160,MDT05,30,2010,77.33
PNOA-MDT05-ETRS89-HU30-0161-LID.TIF,0161,MDT05,30,2010,73.05
PNOA-MDT05-ETRS89-HU30-0162-LID.TIF,0162,MDT05,30,2010,73.93
PNOA-MDT05-ETRS89-HU30-0163-LID.TIF,0163,MDT05,30,2010,74.52
PNOA-MDT05-ETRS89-HU30-0164-LID.TIF,0164,MDT05,30,2010,73.03
PNOA-MDT05-ETRS89-HU30-0165-LID.TIF,0165,MDT05,30,2010,75.18
PNOA-MDT05-ETRS89-HU30-0166-LID.TIF,0166,MDT05,30,2010,74.84
PNOA-MDT05-ETRS89-HU30-0167-LID.TIF,0167,MDT05,30,2010,76.53
PNOA-MDT05-ETRS89-HU30-0168-LID.TIF,0168,MDT05,30,2010,74.2
PNOA-MDT05-ETRS89-HU30-0169-LID.TIF,0169,MDT05,30,"2010, 2012",71.98
PNOA-MDT05-ETRS89-HU30-0170-LID.TIF,0170,MDT05,30,"2010, 2012",73.49
PNOA-MDT05-ETRS89-HU30-0171-LID.TIF,0171,MDT05,30,"2010, 2012",77.64
PNOA-MDT05-ETRS89-HU30-0172-LID.TIF,0172,MDT05,30,2012,78.7
PNOA-MDT05-ETRS89-HU30-0173-LID.TIF,0173,MDT05,30,2012,80.17
PNOA-MDT05-ETRS89-HU30-0174-LID.TIF,0174,MDT05,30,"2010, 2012",81.87
PNOA-MDT05-ETRS89-HU30-0175-LID.TIF,0175,MDT05,30,"2010, 2012",81.18
PNOA-MDT05-ETRS89-HU30-0176-LID.TIF,0176,MDT05,30,2010,84.14
PNOA-MDT05-ETRS89-HU30-0177-LID.TIF,0177,MDT05,30,2010,86.53
PNOA-MDT05-ETRS89-HU30-0178-LID.TIF,0178,MDT05,30,2010,89.73
PNOA-MDT05-ETRS89-HU30-0179-LID.TIF,0179,MDT05,30,2010,91
PNOA-MDT05-ETRS89-HU30-0180-LID.TIF,0180,MDT05,30,"2008, 2009, 2010",91.41
PNOA-MDT05-ETRS89-HU30-0181-LID.TIF,0181,MDT05,30,"2008, 2009, 2010",91.28
PNOA-MDT05-ETRS89-HU30-0182-LID.TIF,0182,MDT05,30,"2008, 2009, 2010",93.52
PNOA-MDT05-ETRS89-HU30-0183-LID.TIF,0183,MDT05,30,"2008, 2009, 2010",86.62
PNOA-MDT05-ETRS89-HU30-0184-LID.TIF,0184,MDT05,30,2010,6.81
PNOA-MDT05-ETRS89-HU30-0185-LID.TIF,0185,MDT05,30,"2009, 2010",77.39
PNOA-MDT05-ETRS89-HU30-0186-LID.TIF,0186,MDT05,30,"2009, 2010",94
PNOA-MDT05-ETRS89-HU30-0187-LID.TIF,0187,MDT05,30,2009,90.65
PNOA-MDT05-ETRS89-HU30-0188-LID.TIF,0188,MDT05,30,2009,90.42
PNOA-MDT05-ETRS89-HU30-0189-LID.TIF,0189,MDT05,30,2009,91.62
PNOA-MDT05-ETRS89-HU30-0190-LID.TIF,0190,MDT05,30,"2009, 2010",91.89
PNOA-MDT05-ETRS89-HU30-0191-LID.TIF,0191,MDT05,30,"2009, 2010",91.27
PNOA-MDT05-ETRS89-HU30-0192-LID.TIF,0192,MDT05,30,2010,85.08
PNOA-MDT05-ETRS89-HU30-0193-LID.TIF,0193,MDT05,30,2010,73.96
PNOA-MDT05-ETRS89-HU30-0194-LID.TIF,0194,MDT05,30,2010,64.38
PNOA-MDT05-ETRS89-HU30-0195-LID.TIF,0195,MDT05,30,2010,67.03
PNOA-MDT05-ETRS89-HU30-0196-LID.TIF,0196,MDT05,30,2010,71.22
PNOA-MDT05-ETRS89-HU30-0197-LID.TIF,0197,MDT05,30,2010,67.68
PNOA-MDT05-ETRS89-HU30-0198-LID.TIF,0198,MDT05,30,2010,69.31
PNOA-MDT05-ETRS89-HU30-0199-LID.TIF,0199,MDT05,30,2010,71.57
PNOA-MDT05-ETRS89-HU30-0200-LID.TIF,0200,MDT05,30,2010,74.04
PNOA-MDT05-ETRS89-HU30-0201-LID.TIF,0201,MDT05,30,2010,77.02
PNOA-MDT05-ETRS89-HU30-0202-LID.TIF,0202,MDT05,30,2010,76.06
PNOA-MDT05-ETRS89-HU30-0203-LID.TIF,0203,MDT05,30,"2010, 2012",74.13
PNOA-MDT05-ETRS89-HU30-0204-LID.TIF,0204,MDT05,30,"2010, 2012",75.02
PNOA-MDT05-ETRS89-HU30-0205-LID.TIF,0205,MDT05,30,"2010, 2012",76
PNOA-MDT05-ETRS89-HU30-0206-LID.TIF,0206,MDT05,30,"2010, 2012",73.66
PNOA-MDT05-ETRS89-HU30-0207-LID.TIF,0207,MDT05,30,"2010, 2012",80.11
PNOA-MDT05-ETRS89-HU30-0208-LID.TIF,0208,MDT05,30,"2010, 2012",85.06
PNOA-MDT05-ETRS89-HU30-0209-LID.TIF,0209,MDT05,30,2010,86.18
PNOA-MDT05-ETRS89-HU30-0210-LID.TIF,0210,MDT05,30,2010,85.45
PNOA-MDT05-ETRS89-HU30-0211-LID.TIF,0211,MDT05,30,2010,87.67
PNOA-MDT05-ETRS89-HU30-0212-LID.TIF,0212,MDT05,30,2010,89.21
PNOA-MDT05-ETRS89-HU30-0213-LID.TIF,0213,MDT05,30,"2008, 2009, 2010",89.95
PNOA-MDT05-ETRS89-HU30-0214-LID.TIF,0214,MDT05,30,"2008, 2009, 2010",92.2
PNOA-MDT05-ETRS89-HU30-0215-LID.TIF,0215,MDT05,30,"2008, 2009, 2010",92.39
PNOA-MDT05-ETRS89-HU30-0216-LID.TIF,0216,MDT05,30,"2008, 2009, 2010",91.83
PNOA-MDT05-ETRS89-HU30-0217B-LID.TIF,0217,MDT05,30,"2008, 2009, 2010",3.44
PNOA-MDT05-ETRS89-HU30-0217-LID.TIF,0217,MDT05,30,"2008, 2009, 2010",76.65
PNOA-MDT05-ETRS89-HU30-0218-LID.TIF,0218,MDT05,30,"2008, 2009, 2010",63.61
PNOA-MDT05-ETRS89-HU30-0219-LID.TIF,0219,MDT05,30,"2008, 2009, 2010",55.66
PNOA-MDT05-ETRS89-HU30-0220-LID.TIF,0220,MDT05,30,"2008, 2009, 2010",84.7
PNOA-MDT05-ETRS89-HU30-0221-LID.TIF,0221,MDT05,30,"2008, 2009, 2010",9.63
PNOA-MDT05-ETRS89-HU30-0222-LID.TIF,0222,MDT05,30,2010,2.27
PNOA-MDT05-ETRS89-HU30-0223-LID.TIF,0223,MDT05,30,"2009, 2010",74.12
PNOA-MDT05-ETRS89-HU30-0224-LID.TIF,0224,MDT05,30,2009,94.58
PNOA-MDT05-ETRS89-HU30-0225-LID.TIF,0225,MDT05,30,2009,91.09
PNOA-MDT05-ETRS89-HU30-0226-LID.TIF,0226,MDT05,30,2009,88.16
PNOA-MDT05-ETRS89-HU30-0227-LID.TIF,0227,MDT05,30,2009,90
PNOA-MDT05-ETRS89-HU30-0228-LID.TIF,0228,MDT05,30,"2009, 2010",88.4
PNOA-MDT05-ETRS89-HU30-0229-LID.TIF,0229,MDT05,30,"2009, 2010",89.99
PNOA-MDT05-ETRS89-HU30-0230-LID.TIF,0230,MDT05,30,2010,86.43
PNOA-MDT05-ETRS89-HU30-0231-LID.TIF,0231,MDT05,30,2010,75.09
PNOA-MDT05-ETRS89-HU30-0232-LID.TIF,0232,MDT05,30,2010,64.19
PNOA-MDT05-ETRS89-HU30-0233-LID.TIF,0233,MDT05,30,2010,71.46
PNOA-MDT05-ETRS89-HU30-0234-LID.TIF,0234,MDT05,30,2010,71.21
PNOA-MDT05-ETRS89-HU30-0235-LID.TIF,0235,MDT05,30,2010,69.19
PNOA-MDT05-ETRS89-HU30-0236-LID.TIF,0236,MDT05,30,2010,69.96
PNOA-MDT05-ETRS89-HU30-0237-LID.TIF,0237,MDT05,30,2010,73.21
PNOA-MDT05-ETRS89-HU30-0238-LID.TIF,0238,MDT05,30,2010,74.35
PNOA-MDT05-ETRS89-HU30-0239-LID.TIF,0239,MDT05,30,2010,78.77
PNOA-MDT05-ETRS89-HU30-0240-LID.TIF,0240,MDT05,30,2010,83.55
PNOA-MDT05-ETRS89-HU30-0241-LID.TIF,0241,MDT05,30,2010,83.11
PNOA-MDT05-ETRS89-HU30-0242-LID.TIF,0242,MDT05,30,2010,83.18
PNOA-MDT05-ETRS89-HU30-0243-LID.TIF,0243,MDT05,30,"2010, 2012",78.12
PNOA-MDT05-ETRS89-HU30-0244-LID.TIF,0244,MDT05,30,"2010, 2012",70.84
PNOA-MDT05-ETRS89-HU30-0245-LID.TIF,0245,MDT05,30,"2010, 2012",72.68
PNOA-MDT05-ETRS89-HU30-0246-LID.TIF,0246,MDT05,30,2010,82.57
PNOA-MDT05-ETRS89-HU30-0247-LID.TIF,0247,MDT05,30,2010,81.92
PNOA-MDT05-ETRS89-HU30-0248-LID.TIF,0248,MDT05,30,2010,84.49
PNOA-MDT05-ETRS89-HU30-0249-LID.TIF,0249,MDT05,30,2010,88.09
PNOA-MDT05-ETRS89-HU30-0250-LID.TIF,0250,MDT05,30,2010,87.23
PNOA-MDT05-ETRS89-HU30-0251-LID.TIF,0251,MDT05,30,"2008, 2009, 2010",89.35
PNOA-MDT05-ETRS89-HU30-0252-LID.TIF,0252,MDT05,30,"2008, 2009, 2010",89.91
PNOA-MDT05-ETRS89-HU30-0253-LID.TIF,0253,MDT05,30,"2008, 2009, 2010",91.75
PNOA-MDT05-ETRS89-HU30-0254-LID.TIF,0254,MDT05,30,"2008, 2009, 2010",93.04
PNOA-MDT05-ETRS89-HU30-0255-LID.TIF,0255,MDT05,30,"2008, 2009, 2010",93.09
PNOA-MDT05-ETRS89-HU30-0256-LID.TIF,0256,MDT05,30,"2008, 2009, 2010",93.96
PNOA-MDT05-ETRS89-HU30-0257-LID.TIF,0257,MDT05,30,"2008, 2009, 2010",95.07
PNOA-MDT05-ETRS89-HU30-0258-LID.TIF,0258,MDT05,30,"2008, 2009, 2010",78.14
PNOA-MDT05-ETRS89-HU30-0259-LID.TIF,0259,MDT05,30,"2008, 2009, 2010",22.69
PNOA-MDT05-ETRS89-HU30-0260-LID.TIF,0260,MDT05,30,"2009, 2010",8.83
PNOA-MDT05-ETRS89-HU30-0261-LID.TIF,0261,MDT05,30,"2009, 2010",85.11
PNOA-MDT05-ETRS89-HU30-0262-LID.TIF,0262,MDT05,30,2009,54.27
PNOA-MDT05-ETRS89-HU30-0263-LID.TIF,0263,MDT05,30,2009,86.96
PNOA-MDT05-ETRS89-HU30-0264-LID.TIF,0264,MDT05,30,2009,79.02
PNOA-MDT05-ETRS89-HU30-0265-LID.TIF,0265,MDT05,30,2009,90.68
PNOA-MDT05-ETRS89-HU30-0266-LID.TIF,0266,MDT05,30,"2009, 2010",88.96
PNOA-MDT05-ETRS89-HU30-0267-LID.TIF,0267,MDT05,30,2010,84.83
PNOA-MDT05-ETRS89-HU30-0268-LID.TIF,0268,MDT05,30,2010,80.75
PNOA-MDT05-ETRS89-HU30-0269-LID.TIF,0269,MDT05,30,2010,75.84
PNOA-MDT05-ETRS89-HU30-0270-LID.TIF,0270,MDT05,30,2010,70.93
PNOA-MDT05-ETRS89-HU30-0271-LID.TIF,0271,MDT05,30,2010,71.65
PNOA-MDT05-ETRS89-HU30-0272-LID.TIF,0272,MDT05,30,2010,69.3
PNOA-MDT05-ETRS89-HU30-0273-LID.TIF,0273,MDT05,30,2010,65
PNOA-MDT05-ETRS89-HU30-0274-LID.TIF,0274,MDT05,30,2010,72.34
PNOA-MDT05-ETRS89-HU30-0275-LID.TIF,0275,MDT05,30,2010,73.24
PNOA-MDT05-ETRS89-HU30-0276-LID.TIF,0276,MDT05,30,2010,73.67
PNOA-MDT05-ETRS89-HU30-0277-LID.TIF,0277,MDT05,30,2010,77.52
PNOA-MDT05-ETRS89-HU30-0278-LID.TIF,0278,MDT05,30,2010,81.1
PNOA-MDT05-ETRS89-HU30-0279-LID.TIF,0279,MDT05,30,2010,82.72
PNOA-MDT05-ETRS89-HU30-0280-LID.TIF,0280,MDT05,30,2010,82.18
PNOA-MDT05-ETRS89-HU30-0281-LID.TIF,0281,MDT05,30,"2010, 2012",82.97
PNOA-MDT05-ETRS89-HU30-0282-LID.TIF,0282,MDT05,30,"2010, 2012",71.93
PNOA-MDT05-ETRS89-HU30-0283-LID.TIF,0283,MDT05,30,"2010, 2012",75.73
PNOA-MDT05-ETRS89-HU30-0284-LID.TIF,0284,MDT05,30,2010,75.98
PNOA-MDT05-ETRS89-HU30-0285-LID.TIF,0285,MDT05,30,2010,76.18
PNOA-MDT05-ETRS89-HU30-0286-LID.TIF,0286,MDT05,30,2010,77.16
PNOA-MDT05-ETRS89-HU30-0287-LID.TIF,0287,MDT05,30,2010,83.68
PNOA-MDT05-ETRS89-HU30-0288-LID.TIF,0288,MDT05,30,2010,86.63
PNOA-MDT05-ETRS89-HU30-0289-LID.TIF,0289,MDT05,30,"2008, 2009, 2010",88.24
PNOA-MDT05-ETRS89-HU30-0290-LID.TIF,0290,MDT05,30,"2008, 2009, 2010",90.08
PNOA-MDT05-ETRS89-HU30-0291-LID.TIF,0291,MDT05,30,"2008, 2009, 2010",91.21
PNOA-MDT05-ETRS89-HU30-0292-LID.TIF,0292,MDT05,30,"2008, 2009, 2010",91.68
PNOA-MDT05-ETRS89-HU30-0293-LID.TIF,0293,MDT05,30,"2008, 2009, 2010",91.65
PNOA-MDT05-ETRS89-HU30-0294-LID.TIF,0294,MDT05,30,"2008, 2009, 2010",93.04
PNOA-MDT05-ETRS89-HU30-0295-LID.TIF,0295,MDT05,30,"2008, 2009, 2010",94.51
PNOA-MDT05-ETRS89-HU30-0296-LID.TIF,0296,MDT05,30,"2008, 2009, 2010",82.21
PNOA-MDT05-ETRS89-HU30-0297-LID.TIF,0297,MDT05,30,"2008, 2009, 2010",9.71
PNOA-MDT05-ETRS89-HU30-0298-LID.TIF,0298,MDT05,30,2009,8.44
PNOA-MDT05-ETRS89-HU30-0299-LID.TIF,0299,MDT05,30,2009,30.45
PNOA-MDT05-ETRS89-HU30-0300B-LID.TIF,0300,MDT05,30,2009,0.98
PNOA-MDT05-ETRS89-HU30-0300-LID.TIF,0300,MDT05,30,2009,12.93
PNOA-MDT05-ETRS89-HU30-0301-LID.TIF,0301,MDT05,30,2009,89.98
PNOA-MDT05-ETRS89-HU30-0302B-LID.TIF,0302,MDT05,30,2009,9.46
PNOA-MDT05-ETRS89-HU30-0302-LID.TIF,0302,MDT05,30,2009,82.47
PNOA-MDT05-ETRS89-HU30-0303B-LID.TIF,0303,MDT05,30,2009,12.39
PNOA-MDT05-ETRS89-HU30-0303-LID.TIF,0303,MDT05,30,2009,88.06
PNOA-MDT05-ETRS89-HU30-0304-LID.TIF,0304,MDT05,30,"2009, 2010",44
PNOA-MDT05-ETRS89-HU30-0305-LID.TIF,0305,MDT05,30,2010,58.74
PNOA-MDT05-ETRS89-HU30-0306-LID.TIF,0306,MDT05,30,2010,81.02
PNOA-MDT05-ETRS89-HU30-0307-LID.TIF,0307,MDT05,30,2010,77.12
PNOA-MDT05-ETRS89-HU30-0308-LID.TIF,0308,MDT05,30,2010,68.76
PNOA-MDT05-ETRS89-HU30-0309-LID.TIF,0309,MDT05,30,2010,69.72
PNOA-MDT05-ETRS89-HU30-0310-LID.TIF,0310,MDT05,30,2010,69.11
PNOA-MDT05-ETRS89-HU30-0311-LID.TIF,0311,MDT05,30,2010,66.11
PNOA-MDT05-ETRS89-HU30-0312-LID.TIF,0312,MDT05,30,2010,72.65
PNOA-MDT05-ETRS89-HU30-0313-LID.TIF,0313,MDT05,30,2010,68.26
PNOA-MDT05-ETRS89-HU30-0314-LID.TIF,0314,MDT05,30,2010,72.56
PNOA-MDT05-ETRS89-HU30-0315-LID.TIF,0315,MDT05,30,2010,76.28
PNOA-MDT05-ETRS89-HU30-0316-LID.TIF,0316,MDT05,30,2010,76.38
PNOA-MDT05-ETRS89-HU30-0317-LID.TIF,0317,MDT05,30,2010,75.91
PNOA-MDT05-ETRS89-HU30-0318-LID.TIF,0318,MDT05,30,2010,76.91
PNOA-MDT05-ETRS89-HU30-0319-LID.TIF,0319,MDT05,30,"2010, 2012",81.38
PNOA-MDT05-ETRS89-HU30-0320-LID.TIF,0320,MDT05,30,"2010, 2012",77.75
PNOA-MDT05-ETRS89-HU30-0321-LID.TIF,0321,MDT05,30,"2010, 2012",68.41
PNOA-MDT05-ETRS89-HU30-0322-LID.TIF,0322,MDT05,30,2010,82.49
PNOA-MDT05-ETRS89-HU30-0323-LID.TIF,0323,MDT05,30,2010,79.27
PNOA-MDT05-ETRS89-HU30-0324-LID.TIF,0324,MDT05,30,2010,75.57
PNOA-MDT05-ETRS89-HU30-0325-LID.TIF,0325,MDT05,30,2010,78.44
PNOA-MDT05-ETRS89-HU30-0326-LID.TIF,0326,MDT05,30,"2008, 2009, 2010",82.15
PNOA-MDT05-ETRS89-HU30-0327-LID.TIF,0327,MDT05,30,"2008, 2009, 2010",87.24
PNOA-MDT05-ETRS89-HU30-0328-LID.TIF,0328,MDT05,30,"2008, 2009, 2010",88.61
PNOA-MDT05-ETRS89-HU30-0329-LID.TIF,0329,MDT05,30,"2008, 2009, 2010",88.45
PNOA-MDT05-ETRS89-HU30-0330-LID.TIF,0330,MDT05,30,"2008, 2009, 2010",90.89
PNOA-MDT05-ETRS89-HU30-0331-LID.TIF,0331,MDT05,30,"2008, 2009, 2010",92.83
PNOA-MDT05-ETRS89-HU30-0332-LID.TIF,0332,MDT05,30,"2008, 2009, 2010",91.82
PNOA-MDT05-ETRS89-HU30-0333-LID.TIF,0333,MDT05,30,"2008, 2009, 2010",91.68
PNOA-MDT05-ETRS89-HU30-0334-LID.TIF,0334,MDT05,30,"2008, 2009, 2010",88.59
PNOA-MDT05-ETRS89-HU30-0335-LID.TIF,0335,MDT05,30,"2008, 2009, 2010",15.42
PNOA-MDT05-ETRS89-HU30-0336-LID.TIF,0336,MDT05,30,2009,14.46
PNOA-MDT05-ETRS89-HU30-0337-LID.TIF,0337,MDT05,30,"2010, 2014",20.2
PNOA-MDT05-ETRS89-HU30-0338-LID.TIF,0338,MDT05,30,"2010, 2014",81.54
PNOA-MDT05-ETRS89-HU30-0339-LID.TIF,0339,MDT05,30,"2010, 2014",80.16
PNOA-MDT05-ETRS89-HU30-0340-LID.TIF,0340,MDT05,30,"2010, 2014",69.38
PNOA-MDT05-ETRS89-HU30-0341-LID.TIF,0341,MDT05,30,"2010, 2014",69.52
PNOA-MDT05-ETRS89-HU30-0342-LID.TIF,0342,MDT05,30,"2010, 2014",62.11
PNOA-MDT05-ETRS89-HU30-0343-LID.TIF,0343,MDT05,30,"2010, 2014",70.65
PNOA-MDT05-ETRS89-HU30-0344-LID.TIF,0344,MDT05,30,2010,72.42
PNOA-MDT05-ETRS89-HU30-0345-LID.TIF,0345,MDT05,30,2010,71.23
PNOA-MDT05-ETRS89-HU30-0346-LID.TIF,0346,MDT05,30,2010,71.97
PNOA-MDT05-ETRS89-HU30-0347-LID.TIF,0347,MDT05,30,2010,74.05
PNOA-MDT05-ETRS89-HU30-0348-LID.TIF,0348,MDT05,30,2010,75.98
PNOA-MDT05-ETRS89-HU30-0349-LID.TIF,0349,MDT05,30,2010,71.23
PNOA-MDT05-ETRS89-HU30-0350-LID.TIF,0350,MDT05,30,2010,71.67
PNOA-MDT05-ETRS89-HU30-0351-LID.TIF,0351,MDT05,30,2010,76.28
PNOA-MDT05-ETRS89-HU30-0352-LID.TIF,0352,MDT05,30,2010,83.34
PNOA-MDT05-ETRS89-HU30-0353-LID.TIF,0353,MDT05,30,2010,75.65
PNOA-MDT05-ETRS89-HU30-0354-LID.TIF,0354,MDT05,30,2010,73.74
PNOA-MDT05-ETRS89-HU30-0355-LID.TIF,0355,MDT05,30,2010,78.8
PNOA-MDT05-ETRS89-HU30-0356-LID.TIF,0356,MDT05,30,2010,80.73
PNOA-MDT05-ETRS89-HU30-0357-LID.TIF,0357,MDT05,30,2010,77.99
PNOA-MDT05-ETRS89-HU30-0358-LID.TIF,0358,MDT05,30,"2008, 2009, 2010",77.49
PNOA-MDT05-ETRS89-HU30-0359-LID.TIF,0359,MDT05,30,"2008, 2009, 2010",77.96
PNOA-MDT05-ETRS89-HU30-0360-LID.TIF,0360,MDT05,30,"2008, 2009, 2010",75.58
PNOA-MDT05-ETRS89-HU30-0361-LID.TIF,0361,MDT05,30,"2008, 2009, 2010",85.94
PNOA-MDT05-ETRS89-HU30-0362-LID.TIF,0362,MDT05,30,"2008, 2009, 2010",91.05
PNOA-MDT05-ETRS89-HU30-0363-LID.TIF,0363,MDT05,30,"2008, 2009, 2010",92.61
PNOA-MDT05-ETRS89-HU30-0364-LID.TIF,0364,MDT05,30,"2008, 2009, 2010",94.88
PNOA-MDT05-ETRS89-HU30-0365-LID.TIF,0365,MDT05,30,"2008, 2009, 2010",91.45
PNOA-MDT05-ETRS89-HU30-0366-LID.TIF,0366,MDT05,30,"2008, 2009, 2010",43.87
PNOA-MDT05-ETRS89-HU30-0367-LID.TIF,0367,MDT05,30,2014,21
PNOA-MDT05-ETRS89-HU30-0368-LID.TIF,0368,MDT05,30,"2010, 2014",77.34
PNOA-MDT05-ETRS89-HU30-0369-LID.TIF,0369,MDT05,30,"2010, 2014",72.94
PNOA-MDT05-ETRS89-HU30-0370-LID.TIF,0370,MDT05,30,2014,73.18
PNOA-MDT05-ETRS89-HU30-0371-LID.TIF,0371,MDT05,30,"2010, 2014",70.69
PNOA-MDT05-ETRS89-HU30-0372-LID.TIF,0372,MDT05,30,"2010, 2014",68.69
PNOA-MDT05-ETRS89-HU30-0373-LID.TIF,0373,MDT05,30,2010,68.85
PNOA-MDT05-ETRS89-HU30-0374-LID.TIF,0374,MDT05,30,2010,70.96
PNOA-MDT05-ETRS89-HU30-0375-LID.TIF,0375,MDT05,30,2010,73.04
PNOA-MDT05-ETRS89-HU30-0376-LID.TIF,0376,MDT05,30,2010,73.95
PNOA-MDT05-ETRS89-HU30-0377-LID.TIF,0377,MDT05,30,2010,74.49
PNOA-MDT05-ETRS89-HU30-0378-LID.TIF,0378,MDT05,30,2010,72.24
PNOA-MDT05-ETRS89-HU30-0379-LID.TIF,0379,MDT05,30,2010,72.48
PNOA-MDT05-ETRS89-HU30-0380-LID.TIF,0380,MDT05,30,2010,77.55
PNOA-MDT05-ETRS89-HU30-0381-LID.TIF,0381,MDT05,30,2010,83.92
PNOA-MDT05-ETRS89-HU30-0382-LID.TIF,0382,MDT05,30,2010,79.76
PNOA-MDT05-ETRS89-HU30-0383-LID.TIF,0383,MDT05,30,2010,80.38
PNOA-MDT05-ETRS89-HU30-0384-LID.TIF,0384,MDT05,30,2010,75.79
PNOA-MDT05-ETRS89-HU30-0385-LID.TIF,0385,MDT05,30,2010,80.48
PNOA-MDT05-ETRS89-HU30-0386-LID.TIF,0386,MDT05,30,2010,80.89
PNOA-MDT05-ETRS89-HU30-0387-LID.TIF,0387,MDT05,30,"2008, 2009, 2010",80.64
PNOA-MDT05-ETRS89-HU30-0388-LID.TIF,0388,MDT05,30,"2008, 2009, 2010",77.1
PNOA-MDT05-ETRS89-HU30-0389-LID.TIF,0389,MDT05,30,"2008, 2009, 2010",79.31
PNOA-MDT05-ETRS89-HU30-0390-LID.TIF,0390,MDT05,30,"2008, 2009, 2010",88.27
PNOA-MDT05-ETRS89-HU30-0391-LID.TIF,0391,MDT05,30,"2008, 2009, 2010",92.09
PNOA-MDT05-ETRS89-HU30-0392-LID.TIF,0392,MDT05,30,"2008, 2009, 2010",92.54
PNOA-MDT05-ETRS89-HU30-0393-LID.TIF,0393,MDT05,30,"2008, 2009, 2010",85.78
PNOA-MDT05-ETRS89-HU30-0394-LID.TIF,0394,MDT05,30,"2008, 2009, 2010",35.1
PNOA-MDT05-ETRS89-HU30-0395-LID.TIF,0395,MDT05,30,2014,42.36
PNOA-MDT05-ETRS89-HU30-0396-LID.TIF,0396,MDT05,30,2014,77.71
PNOA-MDT05-ETRS89-HU30-0397-LID.TIF,0397,MDT05,30,2014,76.61
PNOA-MDT05-ETRS89-HU30-0398-LID.TIF,0398,MDT05,30,2014,75.35
PNOA-MDT05-ETRS89-HU30-0399-LID.TIF,0399,MDT05,30,"2010, 2014",70.77
PNOA-MDT05-ETRS89-HU30-0400-LID.TIF,0400,MDT05,30,"2010, 2014",68.06
PNOA-MDT05-ETRS89-HU30-0401-LID.TIF,0401,MDT05,30,2010,65.24
PNOA-MDT05-ETRS89-HU30-0402-LID.TIF,0402,MDT05,30,2010,71.59
PNOA-MDT05-ETRS89-HU30-0403-LID.TIF,0403,MDT05,30,2010,75.16
PNOA-MDT05-ETRS89-HU30-0404-LID.TIF,0404,MDT05,30,"2009, 2010",73.61
PNOA-MDT05-ETRS89-HU30-0405-LID.TIF,0405,MDT05,30,"2009, 2010",74.86
PNOA-MDT05-ETRS89-HU30-0406-LID.TIF,0406,MDT05,30,"2009, 2010",72.43
PNOA-MDT05-ETRS89-HU30-0407-LID.TIF,0407,MDT05,30,2010,75.1
PNOA-MDT05-ETRS89-HU30-0408-LID.TIF,0408,MDT05,30,2010,79.15
PNOA-MDT05-ETRS89-HU30-0409-LID.TIF,0409,MDT05,30,2010,83.11
PNOA-MDT05-ETRS89-HU30-0410-LID.TIF,0410,MDT05,30,2010,80.8
PNOA-MDT05-ETRS89-HU30-0411-LID.TIF,0411,MDT05,30,2010,82.25
PNOA-MDT05-ETRS89-HU30-0412-LID.TIF,0412,MDT05,30,2010,79.64
PNOA-MDT05-ETRS89-HU30-0413-LID.TIF,0413,MDT05,30,2010,77.79
PNOA-MDT05-ETRS89-HU30-0414-LID.TIF,0414,MDT05,30,2010,77.39
PNOA-MDT05-ETRS89-HU30-0415-LID.TIF,0415,MDT05,30,"2008, 2009, 2010",83.73
PNOA-MDT05-ETRS89-HU30-0416-LID.TIF,0416,MDT05,30,"2008, 2009, 2010",85.89
PNOA-MDT05-ETRS89-HU30-0417-LID.TIF,0417,MDT05,30,"2008, 2009, 2010",88.9
PNOA-MDT05-ETRS89-HU30-0418-LID.TIF,0418,MDT05,30,"2008, 2009, 2010",89.82
PNOA-MDT05-ETRS89-HU30-0419-LID.TIF,0419,MDT05,30,"2008, 2009, 2010",89.95
PNOA-MDT05-ETRS89-HU30-0420-LID.TIF,0420,MDT05,30,"2008, 2009, 2010",90.41
PNOA-MDT05-ETRS89-HU30-0421B-LID.TIF,0421,MDT05,30,"2008, 2009, 2010",1.22
PNOA-MDT05-ETRS89-HU30-0421-LID.TIF,0421,MDT05,30,"2008, 2009, 2010",28.15
PNOA-MDT05-ETRS89-HU30-0422-LID.TIF,0422,MDT05,30,2014,27.41
PNOA-MDT05-ETRS89-HU30-0423-LID.TIF,0423,MDT05,30,2014,69.04
PNOA-MDT05-ETRS89-HU30-0424-LID.TIF,0424,MDT05,30,2014,75.04
PNOA-MDT05-ETRS89-HU30-0425-LID.TIF,0425,MDT05,30,2014,77.91
PNOA-MDT05-ETRS89-HU30-0426-LID.TIF,0426,MDT05,30,2014,75.3
PNOA-MDT05-ETRS89-HU30-0427-LID.TIF,0427,MDT05,30,"2010, 2014",65.69
PNOA-MDT05-ETRS89-HU30-0428-LID.TIF,0428,MDT05,30,"2010, 2014",66.83
PNOA-MDT05-ETRS89-HU30-0429-LID.TIF,0429,MDT05,30,2010,64.6
PNOA-MDT05-ETRS89-HU30-0430-LID.TIF,0430,MDT05,30,2010,67.96
PNOA-MDT05-ETRS89-HU30-0431-LID.TIF,0431,MDT05,30,"2009, 2010",75.43
PNOA-MDT05-ETRS89-HU30-0432-LID.TIF,0432,MDT05,30,"2009, 2010",76.89
PNOA-MDT05-ETRS89-HU30-0433-LID.TIF,0433,MDT05,30,"2009, 2010",74.18
PNOA-MDT05-ETRS89-HU30-0434-LID.TIF,0434,MDT05,30,"2009, 2010",69.72
PNOA-MDT05-ETRS89-HU30-0435-LID.TIF,0435,MDT05,30,"2009, 2010",76.64
PNOA-MDT05-ETRS89-HU30-0436-LID.TIF,0436,MDT05,30,"2009, 2010",78.77
PNOA-MDT05-ETRS89-HU30-0437-LID.TIF,0437,MDT05,30,"2009, 2010",82.39
PNOA-MDT05-ETRS89-HU30-0438-LID.TIF,0438,MDT05,30,2010,82.08
PNOA-MDT05-ETRS89-HU30-0439-LID.TIF,0439,MDT05,30,2010,81.9
PNOA-MDT05-ETRS89-HU30-0440-LID.TIF,0440,MDT05,30,2010,79.29
PNOA-MDT05-ETRS89-HU30-0441-LID.TIF,0441,MDT05,30,2010,79.74
PNOA-MDT05-ETRS89-HU30-0442-LID.TIF,0442,MDT05,30,2010,77.08
PNOA-MDT05-ETRS89-HU30-0443-LID.TIF,0443,MDT05,30,"2008, 2009, 2010",87.51
PNOA-MDT05-ETRS89-HU30-0444-LID.TIF,0444,MDT05,30,"2008, 2009, 2010",90.35
PNOA-MDT05-ETRS89-HU30-0445-LID.TIF,0445,MDT05,30,"2008, 2009, 2010",91.89
PNOA-MDT05-ETRS89-HU30-0446-LID.TIF,0446,MDT05,30,"2008, 2009, 2010",86.65
PNOA-MDT05-ETRS89-HU30-0447-LID.TIF,0447,MDT05,30,"2008, 2009, 2010",70.92
PNOA-MDT05-ETRS89-HU30-0448B-LID.TIF,0448,MDT05,30,2014,6.93
PNOA-MDT05-ETRS89-HU30-0448-LID.TIF,0448,MDT05,30,"2008, 2009, 2010",37.31
PNOA-MDT05-ETRS89-HU30-0449-LID.TIF,0449,MDT05,30,2014,71.73
PNOA-MDT05-ETRS89-HU30-0450-LID.TIF,0450,MDT05,30,2014,77.06
PNOA-MDT05-ETRS89-HU30-0451-LID.TIF,0451,MDT05,30,2014,77.02
PNOA-MDT05-ETRS89-HU30-0452-LID.TIF,0452,MDT05,30,2014,72.11
PNOA-MDT05-ETRS89-HU30-0453-LID.TIF,0453,MDT05,30,2014,71.11
PNOA-MDT05-ETRS89-HU30-0454-LID.TIF,0454,MDT05,30,"2010, 2014",65.03
PNOA-MDT05-ETRS89-HU30-0455-LID.TIF,0455,MDT05,30,"2010, 2014",70.28
PNOA-MDT05-ETRS89-HU30-0456-LID.TIF,0456,MDT05,30,2010,72
PNOA-MDT05-ETRS89-HU30-0457-LID.TIF,0457,MDT05,30,2010,75.91
PNOA-MDT05-ETRS89-HU30-0458-LID.TIF,0458,MDT05,30,"2009, 2010",81.2
PNOA-MDT05-ETRS89-HU30-0459-LID.TIF,0459,MDT05,30,"2009, 2010",82.12
PNOA-MDT05-ETRS89-HU30-0460-LID.TIF,0460,MDT05,30,2009,79.77
PNOA-MDT05-ETRS89-HU30-0461-LID.TIF,0461,MDT05,30,"2009, 2010",76.33
PNOA-MDT05-ETRS89-HU30-0462-LID.TIF,0462,MDT05,30,"2009, 2010",71.1
PNOA-MDT05-ETRS89-HU30-0463-LID.TIF,0463,MDT05,30,"2009, 2010",74.68
PNOA-MDT05-ETRS89-HU30-0464-LID.TIF,0464,MDT05,30,"2009, 2010",76.76
PNOA-MDT05-ETRS89-HU30-0465-LID.TIF,0465,MDT05,30,2010,80.48
PNOA-MDT05-ETRS89-HU30-0466-LID.TIF,0466,MDT05,30,2010,83.36
PNOA-MDT05-ETRS89-HU30-0467-LID.TIF,0467,MDT05,30,2010,83.89
PNOA-MDT05-ETRS89-HU30-0468-LID.TIF,0468,MDT05,30,2010,81.59
PNOA-MDT05-ETRS89-HU30-0469-LID.TIF,0469,MDT05,30,"2008, 2009, 2010",85.04
PNOA-MDT05-ETRS89-HU30-0470-LID.TIF,0470,MDT05,30,"2008, 2009, 2010",87.11
PNOA-MDT05-ETRS89-HU30-0471-LID.TIF,0471,MDT05,30,"2008, 2009, 2010",89.88
PNOA-MDT05-ETRS89-HU30-0472-LID.TIF,0472,MDT05,30,"2008, 2009, 2010",69.78
PNOA-MDT05-ETRS89-HU30-0473B-LID.TIF,0473,MDT05,30,"2008, 2009, 2010",0.61
PNOA-MDT05-ETRS89-HU30-0473-LID.TIF,0473,MDT05,30,"2008, 2009, 2010",25.42
PNOA-MDT05-ETRS89-HU30-0474-LID.TIF,0474,MDT05,30,2014,8.07
PNOA-MDT05-ETRS89-HU30-0475-LID.TIF,0475,MDT05,30,2014,81.66
PNOA-MDT05-ETRS89-HU30-0476-LID.TIF,0476,MDT05,30,2014,79.68
PNOA-MDT05-ETRS89-HU30-0477-LID.TIF,0477,MDT05,30,2014,75.69
PNOA-MDT05-ETRS89-HU30-0478-LID.TIF,0478,MDT05,30,2014,75.2
PNOA-MDT05-ETRS89-HU30-0479-LID.TIF,0479,MDT05,30,2014,70.31
PNOA-MDT05-ETRS89-HU30-0480-LID.TIF,0480,MDT05,30,"2010, 2014",71.36
PNOA-MDT05-ETRS89-HU30-0481-LID.TIF,0481,MDT05,30,"2010, 2014",69.9
PNOA-MDT05-ETRS89-HU30-0482-LID.TIF,0482,MDT05,30,2010,74.19
PNOA-MDT05-ETRS89-HU30-0483-LID.TIF,0483,MDT05,30,2010,81.5
PNOA-MDT05-ETRS89-HU30-0484-LID.TIF,0484,MDT05,30,"2009, 2010",79.85
PNOA-MDT05-ETRS89-HU30-0485-LID.TIF,0485,MDT05,30,"2009, 2010",78.27
PNOA-MDT05-ETRS89-HU30-0486-LID.TIF,0486,MDT05,30,2009,77.85
PNOA-MDT05-ETRS89-HU30-0487-LID.TIF,0487,MDT05,30,2009,73.56
PNOA-MDT05-ETRS89-HU30-0488-LID.TIF,0488,MDT05,30,2009,78.49
PNOA-MDT05-ETRS89-HU30-0489-LID.TIF,0489,MDT05,30,2009,78.73
PNOA-MDT05-ETRS89-HU30-0490-LID.TIF,0490,MDT05,30,"2009, 2010",72.09
PNOA-MDT05-ETRS89-HU30-0491-LID.TIF,0491,MDT05,30,"2009, 2010",77.6
PNOA-MDT05-ETRS89-HU30-0492-LID.TIF,0492,MDT05,30,2010,82.45
PNOA-MDT05-ETRS89-HU30-0493-LID.TIF,0493,MDT05,30,2010,85.27
PNOA-MDT05-ETRS89-HU30-0494-LID.TIF,0494,MDT05,30,2010,84.29
PNOA-MDT05-ETRS89-HU30-0495-LID.TIF,0495,MDT05,30,2010,87.29
PNOA-MDT05-ETRS89-HU30-0496-LID.TIF,0496,MDT05,30,"2008, 2009, 2010",90.25
PNOA-MDT05-ETRS89-HU30-0497-LID.TIF,0497,MDT05,30,"2008, 2009, 2010",86.93
PNOA-MDT05-ETRS89-HU30-0498-LID.TIF,0498,MDT05,30,"2008, 2009, 2010",12.35
PNOA-MDT05-ETRS89-HU30-0500-LID.TIF,0500,MDT05,30,2014,77.48
PNOA-MDT05-ETRS89-HU30-0501-LID.TIF,0501,MDT05,30,2014,74.26
PNOA-MDT05-ETRS89-HU30-0502-LID.TIF,0502,MDT05,30,2014,77.85
PNOA-MDT05-ETRS89-HU30-0503-LID.TIF,0503,MDT05,30,2014,79.19
PNOA-MDT05-ETRS89-HU30-0504-LID.TIF,0504,MDT05,30,2014,77.45
PNOA-MDT05-ETRS89-HU30-0505-LID.TIF,0505,MDT05,30,"2010, 2014",79.15
PNOA-MDT05-ETRS89-HU30-0506-LID.TIF,0506,MDT05,30,"2010, 2014",77.51
PNOA-MDT05-ETRS89-HU30-0507-LID.TIF,0507,MDT05,30,2010,78.87
PNOA-MDT05-ETRS89-HU30-0508-LID.TIF,0508,MDT05,30,2010,83.48
PNOA-MDT05-ETRS89-HU30-0509-LID.TIF,0509,MDT05,30,"2009, 2010",78.67
PNOA-MDT05-ETRS89-HU30-0510-LID.TIF,0510,MDT05,30,"2009, 2010",73.38
PNOA-MDT05-ETRS89-HU30-0511-LID.TIF,0511,MDT05,30,2009,74.59
PNOA-MDT05-ETRS89-HU30-0512-LID.TIF,0512,MDT05,30,2009,78.48
PNOA-MDT05-ETRS89-HU30-0513-LID.TIF,0513,MDT05,30,2009,79.51
PNOA-MDT05-ETRS89-HU30-0514-LID.TIF,0514,MDT05,30,2009,77.36
PNOA-MDT05-ETRS89-HU30-0515-LID.TIF,0515,MDT05,30,"2009, 2010",77.48
PNOA-MDT05-ETRS89-HU30-0516-LID.TIF,0516,MDT05,30,"2009, 2010",78.78
PNOA-MDT05-ETRS89-HU30-0517-LID.TIF,0517,MDT05,30,2010,79.4
PNOA-MDT05-ETRS89-HU30-0518-LID.TIF,0518,MDT05,30,2010,84.92
PNOA-MDT05-ETRS89-HU30-0519-LID.TIF,0519,MDT05,30,"2009, 2010",87.55
PNOA-MDT05-ETRS89-HU30-0520-LID.TIF,0520,MDT05,30,"2008, 2009, 2010",89.24
PNOA-MDT05-ETRS89-HU30-0521-LID.TIF,0521,MDT05,30,"2008, 2009, 2010",90.83
PNOA-MDT05-ETRS89-HU30-0522-LID.TIF,0522,MDT05,30,"2008, 2009, 2010",65
PNOA-MDT05-ETRS89-HU30-0523-LID.TIF,0523,MDT05,30,"2008, 2009, 2010",4.11
PNOA-MDT05-ETRS89-HU30-0525-LID.TIF,0525,MDT05,30,2014,76.18
PNOA-MDT05-ETRS89-HU30-0526-LID.TIF,0526,MDT05,30,"2010, 2014",81.97
PNOA-MDT05-ETRS89-HU30-0527-LID.TIF,0527,MDT05,30,"2010, 2014",85.03
PNOA-MDT05-ETRS89-HU30-0528-LID.TIF,0528,MDT05,30,2014,77.48
PNOA-MDT05-ETRS89-HU30-0529-LID.TIF,0529,MDT05,30,2014,80.43
PNOA-MDT05-ETRS89-HU30-0530-LID.TIF,0530,MDT05,30,"2010, 2014",80.73
PNOA-MDT05-ETRS89-HU30-0531-LID.TIF,0531,MDT05,30,"2010, 2014",79.11
PNOA-MDT05-ETRS89-HU30-0532-LID.TIF,0532,MDT05,30,2010,82.16
PNOA-MDT05-ETRS89-HU30-0533-LID.TIF,0533,MDT05,30,2010,79.79
PNOA-MDT05-ETRS89-HU30-0534-LID.TIF,0534,MDT05,30,2010,77.38
PNOA-MDT05-ETRS89-HU30-0535-LID.TIF,0535,MDT05,30,"2009, 2010",71.85
PNOA-MDT05-ETRS89-HU30-0536-LID.TIF,0536,MDT05,30,"2009, 2010",78.07
PNOA-MDT05-ETRS89-HU30-0537-LID.TIF,0537,MDT05,30,2009,78.28
PNOA-MDT05-ETRS89-HU30-0538-LID.TIF,0538,MDT05,30,2009,80.42
PNOA-MDT05-ETRS89-HU30-0539-LID.TIF,0539,MDT05,30,2009,80.78
PNOA-MDT05-ETRS89-HU30-0540-LID.TIF,0540,MDT05,30,"2009, 2010",79.21
PNOA-MDT05-ETRS89-HU30-0541-LID.TIF,0541,MDT05,30,"2009, 2010",79.24
PNOA-MDT05-ETRS89-HU30-0542-LID.TIF,0542,MDT05,30,2010,79.97
PNOA-MDT05-ETRS89-HU30-0543-LID.TIF,0543,MDT05,30,2010,84.46
PNOA-MDT05-ETRS89-HU30-0544-LID.TIF,0544,MDT05,30,"2009, 2010",88.19
PNOA-MDT05-ETRS89-HU30-0545-LID.TIF,0545,MDT05,30,"2009, 2010",89
PNOA-MDT05-ETRS89-HU30-0546-LID.TIF,0546,MDT05,30,"2008, 2009, 2010",86.66
PNOA-MDT05-ETRS89-HU30-0547-LID.TIF,0547,MDT05,30,"2008, 2009, 2010",34.19
PNOA-MDT05-ETRS89-HU30-0550-LID.TIF,0550,MDT05,30,"2010, 2014",81.26
PNOA-MDT05-ETRS89-HU30-0551-LID.TIF,0551,MDT05,30,"2010, 2014",90.68
PNOA-MDT05-ETRS89-HU30-0552-LID.TIF,0552,MDT05,30,"2010, 2014",90.16
PNOA-MDT05-ETRS89-HU30-0553-LID.TIF,0553,MDT05,30,"2010, 2014",85.01
PNOA-MDT05-ETRS89-HU30-0554-LID.TIF,0554,MDT05,30,2014,82.9
PNOA-MDT05-ETRS89-HU30-0555-LID.TIF,0555,MDT05,30,"2010, 2014",84.14
PNOA-MDT05-ETRS89-HU30-0556-LID.TIF,0556,MDT05,30,"2010, 2014",84.95
PNOA-MDT05-ETRS89-HU30-0557-LID.TIF,0557,MDT05,30,"2009, 2010",83.8
PNOA-MDT05-ETRS89-HU30-0558-LID.TIF,0558,MDT05,30,"2009, 2010",79.01
PNOA-MDT05-ETRS89-HU30-0559-LID.TIF,0559,MDT05,30,2010,74.93
PNOA-MDT05-ETRS89-HU30-0560-LID.TIF,0560,MDT05,30,"2009, 2010",73.52
PNOA-MDT05-ETRS89-HU30-0561-LID.TIF,0561,MDT05,30,"2009, 2010",76.71
PNOA-MDT05-ETRS89-HU30-0562-LID.TIF,0562,MDT05,30,2009,77.56
PNOA-MDT05-ETRS89-HU30-0563-LID.TIF,0563,MDT05,30,2009,80.8
PNOA-MDT05-ETRS89-HU30-0564-LID.TIF,0564,MDT05,30,2009,82.53
PNOA-MDT05-ETRS89-HU30-0565-LID.TIF,0565,MDT05,30,"2009, 2010",80.94
PNOA-MDT05-ETRS89-HU30-0566-LID.TIF,0566,MDT05,30,2010,80.62
PNOA-MDT05-ETRS89-HU30-0567-LID.TIF,0567,MDT05,30,2010,82.65
PNOA-MDT05-ETRS89-HU30-0568-LID.TIF,0568,MDT05,30,2010,84.39
PNOA-MDT05-ETRS89-HU30-0569-LID.TIF,0569,MDT05,30,"2009, 2010",86.55
PNOA-MDT05-ETRS89-HU30-0570-LID.TIF,0570,MDT05,30,2009,89.39
PNOA-MDT05-ETRS89-HU30-0571B-LID.TIF,0571,MDT05,30,2009,1.2
PNOA-MDT05-ETRS89-HU30-0571-LID.TIF,0571,MDT05,30,2009,75.11
PNOA-MDT05-ETRS89-HU30-0572-LID.TIF,0572,MDT05,30,"2010, 2014",47.51
PNOA-MDT05-ETRS89-HU30-0573-LID.TIF,0573,MDT05,30,"2010, 2014",90.25
PNOA-MDT05-ETRS89-HU30-0574-LID.TIF,0574,MDT05,30,2010,90.17
PNOA-MDT05-ETRS89-HU30-0575-LID.TIF,0575,MDT05,30,"2010, 2014",82.63
PNOA-MDT05-ETRS89-HU30-0576-LID.TIF,0576,MDT05,30,"2010, 2014",90.79
PNOA-MDT05-ETRS89-HU30-0577-LID.TIF,0577,MDT05,30,"2010, 2014",90.06
PNOA-MDT05-ETRS89-HU30-0578-LID.TIF,0578,MDT05,30,"2009, 2010, 2014",87.42
PNOA-MDT05-ETRS89-HU30-0579-LID.TIF,0579,MDT05,30,"2009, 2010, 2014",79.2
PNOA-MDT05-ETRS89-HU30-0580-LID.TIF,0580,MDT05,30,"2009, 2010",76.35
PNOA-MDT05-ETRS89-HU30-0581-LID.TIF,0581,MDT05,30,"2009, 2010",71.32
PNOA-MDT05-ETRS89-HU30-0582-LID.TIF,0582,MDT05,30,"2009, 2010",73.65
PNOA-MDT05-ETRS89-HU30-0583-LID.TIF,0583,MDT05,30,"2009, 2010",77.62
PNOA-MDT05-ETRS89-HU30-0584-LID.TIF,0584,MDT05,30,"2009, 2010",71.17
PNOA-MDT05-ETRS89-HU30-0585-LID.TIF,0585,MDT05,30,2009,71.75
PNOA-MDT05-ETRS89-HU30-0586-LID.TIF,0586,MDT05,30,2009,80.46
PNOA-MDT05-ETRS89-HU30-0587-LID.TIF,0587,MDT05,30,2009,81.6
PNOA-MDT05-ETRS89-HU30-0588-LID.TIF,0588,MDT05,30,"2009, 2010",83.18
PNOA-MDT05-ETRS89-HU30-0589-LID.TIF,0589,MDT05,30,"2009, 2010",83.9
PNOA-MDT05-ETRS89-HU30-0590-LID.TIF,0590,MDT05,30,2010,84.34
PNOA-MDT05-ETRS89-HU30-0591-LID.TIF,0591,MDT05,30,"2009, 2010",85.63
PNOA-MDT05-ETRS89-HU30-0592-LID.TIF,0592,MDT05,30,"2009, 2010",89.12
PNOA-MDT05-ETRS89-HU30-0593-LID.TIF,0593,MDT05,30,2009,89.36
PNOA-MDT05-ETRS89-HU30-0594-LID.TIF,0594,MDT05,30,2009,38.73
PNOA-MDT05-ETRS89-HU30-0595-LID.TIF,0595,MDT05,30,2010,39.43
PNOA-MDT05-ETRS89-HU30-0596-LID.TIF,0596,MDT05,30,2010,82.71
PNOA-MDT05-ETRS89-HU30-0597-LID.TIF,0597,MDT05,30,2010,83.48
PNOA-MDT05-ETRS89-HU30-0598-LID.TIF,0598,MDT05,30,2010,87.11
PNOA-MDT05-ETRS89-HU30-0599-LID.TIF,0599,MDT05,30,2010,86.98
PNOA-MDT05-ETRS89-HU30-0600-LID.TIF,0600,MDT05,30,"2009, 2010, 2014",78.19
PNOA-MDT05-ETRS89-HU30-0601-LID.TIF,0601,MDT05,30,"2009, 2014",80.86
PNOA-MDT05-ETRS89-HU30-0602-LID.TIF,0602,MDT05,30,2009,81.2
PNOA-MDT05-ETRS89-HU30-0603-LID.TIF,0603,MDT05,30,2009,56.62
PNOA-MDT05-ETRS89-HU30-0604-LID.TIF,0604,MDT05,30,"2009, 2010",56.81
PNOA-MDT05-ETRS89-HU30-0605-LID.TIF,0605,MDT05,30,"2009, 2010",69.12
PNOA-MDT05-ETRS89-HU30-0606-LID.TIF,0606,MDT05,30,"2009, 2010",70.21
PNOA-MDT05-ETRS89-HU30-0607-LID.TIF,0607,MDT05,30,"2009, 2010",66.43
PNOA-MDT05-ETRS89-HU30-0608-LID.TIF,0608,MDT05,30,2009,61.36
PNOA-MDT05-ETRS89-HU30-0609-LID.TIF,0609,MDT05,30,2009,80.29
PNOA-MDT05-ETRS89-HU30-0610-LID.TIF,0610,MDT05,30,2009,80.06
PNOA-MDT05-ETRS89-HU30-0611-LID.TIF,0611,MDT05,30,"2009, 2010",83.8
PNOA-MDT05-ETRS89-HU30-0612-LID.TIF,0612,MDT05,30,"2009, 2010",83.9
PNOA-MDT05-ETRS89-HU30-0613-LID.TIF,0613,MDT05,30,"2009, 2010",86.8
PNOA-MDT05-ETRS89-HU30-0614-LID.TIF,0614,MDT05,30,"2009, 2010",86.11
PNOA-MDT05-ETRS89-HU30-0615-LID.TIF,0615,MDT05,30,"2009, 2010",90.47
PNOA-MDT05-ETRS89-HU30-0616-LID.TIF,0616,MDT05,30,2009,77.29
PNOA-MDT05-ETRS89-HU30-0617B-LID.TIF,0617,MDT05,30,2014,1.06
PNOA-MDT05-ETRS89-HU30-0617-LID.TIF,0617,MDT05,30,2009,3.05
PNOA-MDT05-ETRS89-HU30-0618-LID.TIF,0618,MDT05,30,2014,33.02
PNOA-MDT05-ETRS89-HU30-0619-LID.TIF,0619,MDT05,30,2014,5.45
PNOA-MDT05-ETRS89-HU30-0620-LID.TIF,0620,MDT05,30,2010,33.15
PNOA-MDT05-ETRS89-HU30-0621-LID.TIF,0621,MDT05,30,2010,84.75
PNOA-MDT05-ETRS89-HU30-0622-LID.TIF,0622,MDT05,30,2010,82.95
PNOA-MDT05-ETRS89-HU30-0623-LID.TIF,0623,MDT05,30,2010,84.46
PNOA-MDT05-ETRS89-HU30-0624-LID.TIF,0624,MDT05,30,2010,75.48
PNOA-MDT05-ETRS89-HU30-0625-LID.TIF,0625,MDT05,30,"2009, 2010",71.98
PNOA-MDT05-ETRS89-HU30-0626-LID.TIF,0626,MDT05,30,2009,74.65
PNOA-MDT05-ETRS89-HU30-0627-LID.TIF,0627,MDT05,30,2009,76.2
PNOA-MDT05-ETRS89-HU30-0628-LID.TIF,0628,MDT05,30,2009,56.66
PNOA-MDT05-ETRS89-HU30-0629-LID.TIF,0629,MDT05,30,"2009, 2010",63.9
PNOA-MDT05-ETRS89-HU30-0630-LID.TIF,0630,MDT05,30,"2009, 2010",64.14
PNOA-MDT05-ETRS89-HU30-0631-LID.TIF,0631,MDT05,30,"2009, 2010",50.58
PNOA-MDT05-ETRS89-HU30-0632-LID.TIF,0632,MDT05,30,2009,52.31
PNOA-MDT05-ETRS89-HU30-0633-LID.TIF,0633,MDT05,30,2009,57.53
PNOA-MDT05-ETRS89-HU30-0634-LID.TIF,0634,MDT05,30,2009,80.96
PNOA-MDT05-ETRS89-HU30-0635-LID.TIF,0635,MDT05,30,2009,78.61
PNOA-MDT05-ETRS89-HU30-0636-LID.TIF,0636,MDT05,30,2009,82.45
PNOA-MDT05-ETRS89-HU30-0637-LID.TIF,0637,MDT05,30,"2009, 2010",81.45
PNOA-MDT05-ETRS89-HU30-0638-LID.TIF,0638,MDT05,30,"2009, 2010",85.03
PNOA-MDT05-ETRS89-HU30-0639-LID.TIF,0639,MDT05,30,"2009, 2010",87.42
PNOA-MDT05-ETRS89-HU30-0640-LID.TIF,0640,MDT05,30,2009,91.1
PNOA-MDT05-ETRS89-HU30-0641-LID.TIF,0641,MDT05,30,2009,37.88
PNOA-MDT05-ETRS89-HU30-0642-LID.TIF,0642,MDT05,30,2009,0.22
PNOA-MDT05-ETRS89-HU30-0643-LID.TIF,0643,MDT05,30,2014,3.6
PNOA-MDT05-ETRS89-HU30-0644-LID.TIF,0644,MDT05,30,2014,38.59
PNOA-MDT05-ETRS89-HU30-0645B-LID.TIF,0645,MDT05,30,2014,0.43
PNOA-MDT05-ETRS89-HU30-0645-LID.TIF,0645,MDT05,30,2014,6.01
PNOA-MDT05-ETRS89-HU30-0646-LID.TIF,0646,MDT05,30,2014,46.25
PNOA-MDT05-ETRS89-HU30-0647-LID.TIF,0647,MDT05,30,2014,35.45
PNOA-MDT05-ETRS89-HU30-0648-LID.TIF,0648,MDT05,30,2010,55.1
PNOA-MDT05-ETRS89-HU30-0649-LID.TIF,0649,MDT05,30,2010,82.8
PNOA-MDT05-ETRS89-HU30-0650-LID.TIF,0650,MDT05,30,2010,83.13
PNOA-MDT05-ETRS89-HU30-0651-LID.TIF,0651,MDT05,30,2010,83.64
PNOA-MDT05-ETRS89-HU30-0652-LID.TIF,0652,MDT05,30,2010,86.36
PNOA-MDT05-ETRS89-HU30-0653-LID.TIF,0653,MDT05,30,"2009, 2010",81.78
PNOA-MDT05-ETRS89-HU30-0654-LID.TIF,0654,MDT05,30,"2009, 2010",83.28
PNOA-MDT05-ETRS89-HU30-0655-LID.TIF,0655,MDT05,30,2009,81.93
PNOA-MDT05-ETRS89-HU30-0656-LID.TIF,0656,MDT05,30,2009,61.75
PNOA-MDT05-ETRS89-HU30-0657-LID.TIF,0657,MDT05,30,2009,57.59
PNOA-MDT05-ETRS89-HU30-0658-LID.TIF,0658,MDT05,30,2009,55.24
PNOA-MDT05-ETRS89-HU30-0659-LID.TIF,0659,MDT05,30,2009,49.97
PNOA-MDT05-ETRS89-HU30-0660-LID.TIF,0660,MDT05,30,2009,49.91
PNOA-MDT05-ETRS89-HU30-0661-LID.TIF,0661,MDT05,30,2009,59.02
PNOA-MDT05-ETRS89-HU30-0662-LID.TIF,0662,MDT05,30,2009,77.42
PNOA-MDT05-ETRS89-HU30-0663-LID.TIF,0663,MDT05,30,2009,78.54
PNOA-MDT05-ETRS89-HU30-0664-LID.TIF,0664,MDT05,30,2009,83.19
PNOA-MDT05-ETRS89-HU30-0665-LID.TIF,0665,MDT05,30,2009,82.39
PNOA-MDT05-ETRS89-HU30-0666-LID.TIF,0666,MDT05,30,"2009, 2010",87.74
PNOA-MDT05-ETRS89-HU30-0667-LID.TIF,0667,MDT05,30,"2009, 2010",85.67
PNOA-MDT05-ETRS89-HU30-0668-LID.TIF,0668,MDT05,30,2009,86.81
PNOA-MDT05-ETRS89-HU30-0669B-LID.TIF,0669,MDT05,30,2014,0.4
PNOA-MDT05-ETRS89-HU30-0669-LID.TIF,0669,MDT05,30,2009,6.99
PNOA-MDT05-ETRS89-HU30-0670-LID.TIF,0670,MDT05,30,2014,57.1
PNOA-MDT05-ETRS89-HU30-0671-LID.TIF,0671,MDT05,30,2014,87.06
PNOA-MDT05-ETRS89-HU30-0672-LID.TIF,0672,MDT05,30,2014,46.35
PNOA-MDT05-ETRS89-HU30-0673-LID.TIF,0673,MDT05,30,2014,5.03
PNOA-MDT05-ETRS89-HU30-0674-LID.TIF,0674,MDT05,30,2010,22.56
PNOA-MDT05-ETRS89-HU30-0675-LID.TIF,0675,MDT05,30,2010,87.19
PNOA-MDT05-ETRS89-HU30-0676-LID.TIF,0676,MDT05,30,2010,86.49
PNOA-MDT05-ETRS89-HU30-0677-LID.TIF,0677,MDT05,30,2010,83.86
PNOA-MDT05-ETRS89-HU30-0678-LID.TIF,0678,MDT05,30,2010,84.35
PNOA-MDT05-ETRS89-HU30-0679-LID.TIF,0679,MDT05,30,2010,84.74
PNOA-MDT05-ETRS89-HU30-0680-LID.TIF,0680,MDT05,30,2010,84.63
PNOA-MDT05-ETRS89-HU30-0681-LID.TIF,0681,MDT05,30,"2009, 2010",91.15
PNOA-MDT05-ETRS89-HU30-0682-LID.TIF,0682,MDT05,30,"2009, 2010",86.47
PNOA-MDT05-ETRS89-HU30-0683-LID.TIF,0683,MDT05,30,2009,87.42
PNOA-MDT05-ETRS89-HU30-0684-LID.TIF,0684,MDT05,30,2009,82
PNOA-MDT05-ETRS89-HU30-0685-LID.TIF,0685,MDT05,30,2009,76.11
PNOA-MDT05-ETRS89-HU30-0686-LID.TIF,0686,MDT05,30,2009,68.63
PNOA-MDT05-ETRS89-HU30-0687-LID.TIF,0687,MDT05,30,2009,65.98
PNOA-MDT05-ETRS89-HU30-0688-LID.TIF,0688,MDT05,30,2009,68.18
PNOA-MDT05-ETRS89-HU30-0689-LID.TIF,0689,MDT05,30,2009,76.24
PNOA-MDT05-ETRS89-HU30-0690-LID.TIF,0690,MDT05,30,2009,75.03
PNOA-MDT05-ETRS89-HU30-0691-LID.TIF,0691,MDT05,30,2009,75.27
PNOA-MDT05-ETRS89-HU30-0692-LID.TIF,0692,MDT05,30,2009,79.5
PNOA-MDT05-ETRS89-HU30-0693-LID.TIF,0693,MDT05,30,2009,77.27
PNOA-MDT05-ETRS89-HU30-0694-LID.TIF,0694,MDT05,30,2009,87.63
PNOA-MDT05-ETRS89-HU30-0695-LID.TIF,0695,MDT05,30,2009,83.91
PNOA-MDT05-ETRS89-HU30-0696-LID.TIF,0696,MDT05,30,2009,60.71
PNOA-MDT05-ETRS89-HU30-0697-LID.TIF,0697,MDT05,30,2014,22.97
PNOA-MDT05-ETRS89-HU30-0698-LID.TIF,0698,MDT05,30,2014,74.91
PNOA-MDT05-ETRS89-HU30-0699-LID.TIF,0699,MDT05,30,2014,87.94
PNOA-MDT05-ETRS89-HU30-0700-LID.TIF,0700,MDT05,30,2014,63.12
PNOA-MDT05-ETRS89-HU30-0701-LID.TIF,0701,MDT05,30,2010,66.89
PNOA-MDT05-ETRS89-HU30-0702-LID.TIF,0702,MDT05,30,2010,87.41
PNOA-MDT05-ETRS89-HU30-0703-LID.TIF,0703,MDT05,30,2010,85.92
PNOA-MDT05-ETRS89-HU30-0704-LID.TIF,0704,MDT05,30,2010,81.76
PNOA-MDT05-ETRS89-HU30-0705-LID.TIF,0705,MDT05,30,2010,83.77
PNOA-MDT05-ETRS89-HU30-0706-LID.TIF,0706,MDT05,30,2010,87.93
PNOA-MDT05-ETRS89-HU30-0707-LID.TIF,0707,MDT05,30,"2009, 2010",89.25
PNOA-MDT05-ETRS89-HU30-0708-LID.TIF,0708,MDT05,30,"2009, 2010",83.77
PNOA-MDT05-ETRS89-HU30-0709-LID.TIF,0709,MDT05,30,"2009, 2010",84.67
PNOA-MDT05-ETRS89-HU30-0710-LID.TIF,0710,MDT05,30,2009,78.34
PNOA-MDT05-ETRS89-HU30-0711-LID.TIF,0711,MDT05,30,2009,82.79
PNOA-MDT05-ETRS89-HU30-0712-LID.TIF,0712,MDT05,30,2009,74.93
PNOA-MDT05-ETRS89-HU30-0713-LID.TIF,0713,MDT05,30,2009,66.71
PNOA-MDT05-ETRS89-HU30-0714-LID.TIF,0714,MDT05,30,2009,65.73
PNOA-MDT05-ETRS89-HU30-0715-LID.TIF,0715,MDT05,30,2009,65.16
PNOA-MDT05-ETRS89-HU30-0716-LID.TIF,0716,MDT05,30,2009,70.07
PNOA-MDT05-ETRS89-HU30-0717-LID.TIF,0717,MDT05,30,2009,72.58
PNOA-MDT05-ETRS89-HU30-0718-LID.TIF,0718,MDT05,30,2009,75.31
PNOA-MDT05-ETRS89-HU30-0719-LID.TIF,0719,MDT05,30,2009,82.17
PNOA-MDT05-ETRS89-HU30-0720-LID.TIF,0720,MDT05,30,2009,85.4
PNOA-MDT05-ETRS89-HU30-0721-LID.TIF,0721,MDT05,30,2009,85.14
PNOA-MDT05-ETRS89-HU30-0722B-LID.TIF,0722,MDT05,30,2014,0.97
PNOA-MDT05-ETRS89-HU30-0722-LID.TIF,0722,MDT05,30,2009,42.77
PNOA-MDT05-ETRS89-HU30-0723-LID.TIF,0723,MDT05,30,2014,17.78
PNOA-MDT05-ETRS89-HU30-0724-LID.TIF,0724,MDT05,30,2014,74.53
PNOA-MDT05-ETRS89-HU30-0725-LID.TIF,0725,MDT05,30,2014,32.29
PNOA-MDT05-ETRS89-HU30-0726-LID.TIF,0726,MDT05,30,2010,46.73
PNOA-MDT05-ETRS89-HU30-0727-LID.TIF,0727,MDT05,30,2010,85.66
PNOA-MDT05-ETRS89-HU30-0728-LID.TIF,0728,MDT05,30,2010,85.95
PNOA-MDT05-ETRS89-HU30-0729-LID.TIF,0729,MDT05,30,2010,84.33
PNOA-MDT05-ETRS89-HU30-0730-LID.TIF,0730,MDT05,30,2010,84.95
PNOA-MDT05-ETRS89-HU30-0731-LID.TIF,0731,MDT05,30,2010,80.65
PNOA-MDT05-ETRS89-HU30-0732-LID.TIF,0732,MDT05,30,2010,81.63
PNOA-MDT05-ETRS89-HU30-0733-LID.TIF,0733,MDT05,30,"2009, 2010",82.41
PNOA-MDT05-ETRS89-HU30-0734-LID.TIF,0734,MDT05,30,"2009, 2010",84.77
PNOA-MDT05-ETRS89-HU30-0735-LID.TIF,0735,MDT05,30,2009,75.45
PNOA-MDT05-ETRS89-HU30-0736-LID.TIF,0736,MDT05,30,2009,81.75
PNOA-MDT05-ETRS89-HU30-0737-LID.TIF,0737,MDT05,30,2009,77.44
PNOA-MDT05-ETRS89-HU30-0738-LID.TIF,0738,MDT05,30,2009,61.92
PNOA-MDT05-ETRS89-HU30-0739-LID.TIF,0739,MDT05,30,2009,57.12
PNOA-MDT05-ETRS89-HU30-0740-LID.TIF,0740,MDT05,30,2009,64.06
PNOA-MDT05-ETRS89-HU30-0741-LID.TIF,0741,MDT05,30,2009,62.78
PNOA-MDT05-ETRS89-HU30-0742-LID.TIF,0742,MDT05,30,2009,68.93
PNOA-MDT05-ETRS89-HU30-0743-LID.TIF,0743,MDT05,30,2009,72.93
PNOA-MDT05-ETRS89-HU30-0744-LID.TIF,0744,MDT05,30,2009,77.47
PNOA-MDT05-ETRS89-HU30-0745-LID.TIF,0745,MDT05,30,2009,88.06
PNOA-MDT05-ETRS89-HU30-0746-LID.TIF,0746,MDT05,30,2009,88.67
PNOA-MDT05-ETRS89-HU30-0747-LID.TIF,0747,MDT05,30,2009,51.17
PNOA-MDT05-ETRS89-HU30-0748-LID.TIF,0748,MDT05,30,2014,10.07
PNOA-MDT05-ETRS89-HU30-0749-LID.TIF,0749,MDT05,30,2014,1.53
PNOA-MDT05-ETRS89-HU30-0750-LID.TIF,0750,MDT05,30,2010,62.08
PNOA-MDT05-ETRS89-HU30-0751-LID.TIF,0751,MDT05,30,2010,81.85
PNOA-MDT05-ETRS89-HU30-0752-LID.TIF,0752,MDT05,30,2010,83.59
PNOA-MDT05-ETRS89-HU30-0753-LID.TIF,0753,MDT05,30,2010,77.39
PNOA-MDT05-ETRS89-HU30-0754-LID.TIF,0754,MDT05,30,2010,73.57
PNOA-MDT05-ETRS89-HU30-0755-LID.TIF,0755,MDT05,30,2010,77.84
PNOA-MDT05-ETRS89-HU30-0756-LID.TIF,0756,MDT05,30,"2009, 2010",85.58
PNOA-MDT05-ETRS89-HU30-0757-LID.TIF,0757,MDT05,30,"2009, 2010",86.01
PNOA-MDT05-ETRS89-HU30-0758-LID.TIF,0758,MDT05,30,2009,84.33
PNOA-MDT05-ETRS89-HU30-0759-LID.TIF,0759,MDT05,30,2009,76.69
PNOA-MDT05-ETRS89-HU30-0760-LID.TIF,0760,MDT05,30,2009,65.55
PNOA-MDT05-ETRS89-HU30-0761-LID.TIF,0761,MDT05,30,2009,60.46
PNOA-MDT05-ETRS89-HU30-0762-LID.TIF,0762,MDT05,30,2009,67.52
PNOA-MDT05-ETRS89-HU30-0763-LID.TIF,0763,MDT05,30,2009,73.71
PNOA-MDT05-ETRS89-HU30-0764-LID.TIF,0764,MDT05,30,2009,73.6
PNOA-MDT05-ETRS89-HU30-0765-LID.TIF,0765,MDT05,30,2009,60.73
PNOA-MDT05-ETRS89-HU30-0766-LID.TIF,0766,MDT05,30,2009,73.7
PNOA-MDT05-ETRS89-HU30-0767-LID.TIF,0767,MDT05,30,2009,82.16
PNOA-MDT05-ETRS89-HU30-0768-LID.TIF,0768,MDT05,30,2009,88.33
PNOA-MDT05-ETRS89-HU30-0769-LID.TIF,0769,MDT05,30,2009,87.14
PNOA-MDT05-ETRS89-HU30-0770-LID.TIF,0770,MDT05,30,2009,74.65
PNOA-MDT05-ETRS89-HU30-0771-LID.TIF,0771,MDT05,30,2009,1.26
PNOA-MDT05-ETRS89-HU30-0772-LID.TIF,0772,MDT05,30,2014,23.76
PNOA-MDT05-ETRS89-HU30-0773-LID.TIF,0773,MDT05,30,2014,20.42
PNOA-MDT05-ETRS89-HU30-0774-LID.TIF,0774,MDT05,30,2014,2.36
PNOA-MDT05-ETRS89-HU30-0775-LID.TIF,0775,MDT05,30,2010,59.32
PNOA-MDT05-ETRS89-HU30-0776-LID.TIF,0776,MDT05,30,2010,73.33
PNOA-MDT05-ETRS89-HU30-0777-LID.TIF,0777,MDT05,30,2010,81.36
PNOA-MDT05-ETRS89-HU30-0778-LID.TIF,0778,MDT05,30,2010,76.94
PNOA-MDT05-ETRS89-HU30-0779-LID.TIF,0779,MDT05,30,2010,82.28
PNOA-MDT05-ETRS89-HU30-0780-LID.TIF,0780,MDT05,30,2010,77.55
PNOA-MDT05-ETRS89-HU30-0781-LID.TIF,0781,MDT05,30,"2009, 2010",84.45
PNOA-MDT05-ETRS89-HU30-0782-LID.TIF,0782,MDT05,30,"2009, 2010",83.87
PNOA-MDT05-ETRS89-HU30-0783-LID.TIF,0783,MDT05,30,2009,81.27
PNOA-MDT05-ETRS89-HU30-0784-LID.TIF,0784,MDT05,30,2009,76.27
PNOA-MDT05-ETRS89-HU30-0785-LID.TIF,0785,MDT05,30,2009,68.88
PNOA-MDT05-ETRS89-HU30-0786-LID.TIF,0786,MDT05,30,2009,68.31
PNOA-MDT05-ETRS89-HU30-0787-LID.TIF,0787,MDT05,30,2009,74.19
PNOA-MDT05-ETRS89-HU30-0788-LID.TIF,0788,MDT05,30,2009,73.56
PNOA-MDT05-ETRS89-HU30-0789-LID.TIF,0789,MDT05,30,2009,77.77
PNOA-MDT05-ETRS89-HU30-0790-LID.TIF,0790,MDT05,30,2009,66.85
PNOA-MDT05-ETRS89-HU30-0791-LID.TIF,0791,MDT05,30,2009,77.32
PNOA-MDT05-ETRS89-HU30-0792-LID.TIF,0792,MDT05,30,2009,78.66
PNOA-MDT05-ETRS89-HU30-0793-LID.TIF,0793,MDT05,30,2009,84.58
PNOA-MDT05-ETRS89-HU30-0794-LID.TIF,0794,MDT05,30,2009,89.27
PNOA-MDT05-ETRS89-HU30-0795-LID.TIF,0795,MDT05,30,2009,89.06
PNOA-MDT05-ETRS89-HU30-0796-LID.TIF,0796,MDT05,30,2009,35.09
PNOA-MDT05-ETRS89-HU30-0798-LID.TIF,0798,MDT05,30,2014,46.69
PNOA-MDT05-ETRS89-HU30-0799-LID.TIF,0799,MDT05,30,2014,8.06
PNOA-MDT05-ETRS89-HU30-0800-LID.TIF,0800,MDT05,30,2010,22.52
PNOA-MDT05-ETRS89-HU30-0801-LID.TIF,0801,MDT05,30,2010,81.67
PNOA-MDT05-ETRS89-HU30-0802-LID.TIF,0802,MDT05,30,2010,82.17
PNOA-MDT05-ETRS89-HU30-0803-LID.TIF,0803,MDT05,30,2010,78.21
PNOA-MDT05-ETRS89-HU30-0804-LID.TIF,0804,MDT05,30,2010,88.44
PNOA-MDT05-ETRS89-HU30-0805-LID.TIF,0805,MDT05,30,2010,85.32
PNOA-MDT05-ETRS89-HU30-0806-LID.TIF,0806,MDT05,30,"2010, 2014",83.15
PNOA-MDT05-ETRS89-HU30-0807-LID.TIF,0807,MDT05,30,"2009, 2010, 2014",84.6
PNOA-MDT05-ETRS89-HU30-0808-LID.TIF,0808,MDT05,30,2009,85.9
PNOA-MDT05-ETRS89-HU30-0809-LID.TIF,0809,MDT05,30,2009,81.24
PNOA-MDT05-ETRS89-HU30-0810-LID.TIF,0810,MDT05,30,2009,79.14
PNOA-MDT05-ETRS89-HU30-0811-LID.TIF,0811,MDT05,30,2009,74.67
PNOA-MDT05-ETRS89-HU30-0812-LID.TIF,0812,MDT05,30,2009,72.93
PNOA-MDT05-ETRS89-HU30-0813-LID.TIF,0813,MDT05,30,2009,72.59
PNOA-MDT05-ETRS89-HU30-0814-LID.TIF,0814,MDT05,30,2009,71.66
PNOA-MDT05-ETRS89-HU30-0815-LID.TIF,0815,MDT05,30,2009,79.66
PNOA-MDT05-ETRS89-HU30-0816-LID.TIF,0816,MDT05,30,2009,79.12
PNOA-MDT05-ETRS89-HU30-0817-LID.TIF,0817,MDT05,30,2009,78.82
PNOA-MDT05-ETRS89-HU30-0818-LID.TIF,0818,MDT05,30,2009,75.52
PNOA-MDT05-ETRS89-HU30-0819-LID.TIF,0819,MDT05,30,2009,76.95
PNOA-MDT05-ETRS89-HU30-0820-LID.TIF,0820,MDT05,30,2009,81.08
PNOA-MDT05-ETRS89-HU30-0821-LID.TIF,0821,MDT05,30,2009,91.61
PNOA-MDT05-ETRS89-HU30-0822-LID.TIF,0822,MDT05,30,2009,90.78
PNOA-MDT05-ETRS89-HU30-0823-LID.TIF,0823,MDT05,30,2009,11.05
PNOA-MDT05-ETRS89-HU30-0824-LID.TIF,0824,MDT05,30,2014,7.97
PNOA-MDT05-ETRS89-HU30-0825-LID.TIF,0825,MDT05,30,2014,3.44
PNOA-MDT05-ETRS89-HU30-0826-LID.TIF,0826,MDT05,30,2010,37.32
PNOA-MDT05-ETRS89-HU30-0827-LID.TIF,0827,MDT05,30,2010,88.35
PNOA-MDT05-ETRS89-HU30-0828-LID.TIF,0828,MDT05,30,2010,87.29
PNOA-MDT05-ETRS89-HU30-0829-LID.TIF,0829,MDT05,30,2010,83.12
PNOA-MDT05-ETRS89-HU30-0830-LID.TIF,0830,MDT05,30,2010,87.61
PNOA-MDT05-ETRS89-HU30-0831-LID.TIF,0831,MDT05,30,2010,86.79
PNOA-MDT05-ETRS89-HU30-0832-LID.TIF,0832,MDT05,30,"2010, 2014",84.31
PNOA-MDT05-ETRS89-HU30-0833-LID.TIF,0833,MDT05,30,"2009, 2010, 2014",83.56
PNOA-MDT05-ETRS89-HU30-0834-LID.TIF,0834,MDT05,30,"2009, 2014",85.83
PNOA-MDT05-ETRS89-HU30-0835-LID.TIF,0835,MDT05,30,2009,82.66
PNOA-MDT05-ETRS89-HU30-0836-LID.TIF,0836,MDT05,30,2009,84.46
PNOA-MDT05-ETRS89-HU30-0837-LID.TIF,0837,MDT05,30,2009,81.8
PNOA-MDT05-ETRS89-HU30-0838-LID.TIF,0838,MDT05,30,2009,76
PNOA-MDT05-ETRS89-HU30-0839-LID.TIF,0839,MDT05,30,2009,76.04
PNOA-MDT05-ETRS89-HU30-0840-LID.TIF,0840,MDT05,30,2009,81.68
PNOA-MDT05-ETRS89-HU30-0841-LID.TIF,0841,MDT05,30,2009,71.17
PNOA-MDT05-ETRS89-HU30-0842-LID.TIF,0842,MDT05,30,2009,67.2
PNOA-MDT05-ETRS89-HU30-0843-LID.TIF,0843,MDT05,30,2009,62.28
PNOA-MDT05-ETRS89-HU30-0844-LID.TIF,0844,MDT05,30,2009,81.79
PNOA-MDT05-ETRS89-HU30-0845-LID.TIF,0845,MDT05,30,2009,81.92
PNOA-MDT05-ETRS89-HU30-0846-LID.TIF,0846,MDT05,30,2009,88.68
PNOA-MDT05-ETRS89-HU30-0847-LID.TIF,0847,MDT05,30,2009,91.39
PNOA-MDT05-ETRS89-HU30-0848-LID.TIF,0848,MDT05,30,2009,41.23
PNOA-MDT05-ETRS89-HU30-0849-LID.TIF,0849,MDT05,30,2014,1.35
PNOA-MDT05-ETRS89-HU30-0850-LID.TIF,0850,MDT05,30,2014,2.93
PNOA-MDT05-ETRS89-HU30-0851-LID.TIF,0851,MDT05,30,2010,37.53
PNOA-MDT05-ETRS89-HU30-0852-LID.TIF,0852,MDT05,30,2010,89.43
PNOA-MDT05-ETRS89-HU30-0853-LID.TIF,0853,MDT05,30,2010,91.87
PNOA-MDT05-ETRS89-HU30-0854-LID.TIF,0854,MDT05,30,2010,84.08
PNOA-MDT05-ETRS89-HU30-0855-LID.TIF,0855,MDT05,30,2010,86.21
PNOA-MDT05-ETRS89-HU30-0856-LID.TIF,0856,MDT05,30,"2010, 2014",79.24
PNOA-MDT05-ETRS89-HU30-0857-LID.TIF,0857,MDT05,30,"2010, 2014",82.25
PNOA-MDT05-ETRS89-HU30-0858-LID.TIF,0858,MDT05,30,2014,79.59
PNOA-MDT05-ETRS89-HU30-0859-LID.TIF,0859,MDT05,30,"2009, 2014",81.61
PNOA-MDT05-ETRS89-HU30-0860-LID.TIF,0860,MDT05,30,"2009, 2014",85.93
PNOA-MDT05-ETRS89-HU30-0861-LID.TIF,0861,MDT05,30,"2009, 2014",88.67
PNOA-MDT05-ETRS89-HU30-0862-LID.TIF,0862,MDT05,30,"2009, 2014",86.86
PNOA-MDT05-ETRS89-HU30-0863-LID.TIF,0863,MDT05,30,"2009, 2014",85.32
PNOA-MDT05-ETRS89-HU30-0864-LID.TIF,0864,MDT05,30,"2009, 2014",81.33
PNOA-MDT05-ETRS89-HU30-0865-LID.TIF,0865,MDT05,30,"2009, 2014",85.25
PNOA-MDT05-ETRS89-HU30-0866-LID.TIF,0866,MDT05,30,"2009, 2014",76.1
PNOA-MDT05-ETRS89-HU30-0867-LID.TIF,0867,MDT05,30,2009,69.44
PNOA-MDT05-ETRS89-HU30-0868-LID.TIF,0868,MDT05,30,2009,75.67
PNOA-MDT05-ETRS89-HU30-0869-LID.TIF,0869,MDT05,30,2009,85.99
PNOA-MDT05-ETRS89-HU30-0870-LID.TIF,0870,MDT05,30,2009,85.84
PNOA-MDT05-ETRS89-HU30-0871-LID.TIF,0871,MDT05,30,2009,86.75
PNOA-MDT05-ETRS89-HU30-0872-LID.TIF,0872,MDT05,30,2009,39.89
PNOA-MDT05-ETRS89-HU30-0873-LID.TIF,0873,MDT05,30,2010,11.17
PNOA-MDT05-ETRS89-HU30-0874-LID.TIF,0874,MDT05,30,"2010, 2014",88.8
PNOA-MDT05-ETRS89-HU30-0875-LID.TIF,0875,MDT05,30,"2010, 2014",91.27
PNOA-MDT05-ETRS89-HU30-0876-LID.TIF,0876,MDT05,30,2010,86.86
PNOA-MDT05-ETRS89-HU30-0877-LID.TIF,0877,MDT05,30,2010,83.65
PNOA-MDT05-ETRS89-HU30-0878-LID.TIF,0878,MDT05,30,"2010, 2014",83.49
PNOA-MDT05-ETRS89-HU30-0879-LID.TIF,0879,MDT05,30,"2010, 2014",83.54
PNOA-MDT05-ETRS89-HU30-0880-LID.TIF,0880,MDT05,30,2014,87.88
PNOA-MDT05-ETRS89-HU30-0881-LID.TIF,0881,MDT05,30,2014,85.46
PNOA-MDT05-ETRS89-HU30-0882-LID.TIF,0882,MDT05,30,"2009, 2014",85.93
PNOA-MDT05-ETRS89-HU30-0883-LID.TIF,0883,MDT05,30,"2009, 2014",86.72
PNOA-MDT05-ETRS89-HU30-0884-LID.TIF,0884,MDT05,30,"2009, 2014",84.6
PNOA-MDT05-ETRS89-HU30-0885-LID.TIF,0885,MDT05,30,2014,83
PNOA-MDT05-ETRS89-HU30-0886-LID.TIF,0886,MDT05,30,2014,83.74
PNOA-MDT05-ETRS89-HU30-0887-LID.TIF,0887,MDT05,30,"2009, 2014",87.2
PNOA-MDT05-ETRS89-HU30-0888-LID.TIF,0888,MDT05,30,"2009, 2014",83.96
PNOA-MDT05-ETRS89-HU30-0889-LID.TIF,0889,MDT05,30,2009,85.38
PNOA-MDT05-ETRS89-HU30-0890-LID.TIF,0890,MDT05,30,2009,85.29
PNOA-MDT05-ETRS89-HU30-0891-LID.TIF,0891,MDT05,30,2009,86.26
PNOA-MDT05-ETRS89-HU30-0892-LID.TIF,0892,MDT05,30,2009,87.21
PNOA-MDT05-ETRS89-HU30-0893-LID.TIF,0893,MDT05,30,2009,74.02
PNOA-MDT05-ETRS89-HU30-0894-LID.TIF,0894,MDT05,30,2009,2.91
PNOA-MDT05-ETRS89-HU30-0895B-LID.TIF,0895,MDT05,30,"2010, 2014, 2015",2.49
PNOA-MDT05-ETRS89-HU30-0895-LID.TIF,0895,MDT05,30,"2010, 2014",68.71
PNOA-MDT05-ETRS89-HU30-0896-LID.TIF,0896,MDT05,30,"2010, 2014",91.76
PNOA-MDT05-ETRS89-HU30-0897-LID.TIF,0897,MDT05,30,"2010, 2014",91.12
PNOA-MDT05-ETRS89-HU30-0898-LID.TIF,0898,MDT05,30,"2010, 2014",91.07
PNOA-MDT05-ETRS89-HU30-0899-LID.TIF,0899,MDT05,30,"2010, 2014",90.73
PNOA-MDT05-ETRS89-HU30-0900-LID.TIF,0900,MDT05,30,"2010, 2014",92.79
PNOA-MDT05-ETRS89-HU30-0901-LID.TIF,0901,MDT05,30,2014,88.27
PNOA-MDT05-ETRS89-HU30-0902-LID.TIF,0902,MDT05,30,2014,89.53
PNOA-MDT05-ETRS89-HU30-0903-LID.TIF,0903,MDT05,30,2014,85.15
PNOA-MDT05-ETRS89-HU30-0904-LID.TIF,0904,MDT05,30,2014,83.9
PNOA-MDT05-ETRS89-HU30-0905-LID.TIF,0905,MDT05,30,2014,82.63
PNOA-MDT05-ETRS89-HU30-0906-LID.TIF,0906,MDT05,30,2014,80.55
PNOA-MDT05-ETRS89-HU30-0907-LID.TIF,0907,MDT05,30,2014,87.02
PNOA-MDT05-ETRS89-HU30-0908-LID.TIF,0908,MDT05,30,"2009, 2014",85.5
PNOA-MDT05-ETRS89-HU30-0909-LID.TIF,0909,MDT05,30,"2009, 2014",85.25
PNOA-MDT05-ETRS89-HU30-0910-LID.TIF,0910,MDT05,30,2009,85.05
PNOA-MDT05-ETRS89-HU30-0911-LID.TIF,0911,MDT05,30,2009,85.39
PNOA-MDT05-ETRS89-HU30-0912-LID.TIF,0912,MDT05,30,2009,85.58
PNOA-MDT05-ETRS89-HU30-0913-LID.TIF,0913,MDT05,30,2009,78.64
PNOA-MDT05-ETRS89-HU30-0914-LID.TIF,0914,MDT05,30,2009,45.96
PNOA-MDT05-ETRS89-HU30-0915-LID.TIF,0915,MDT05,30,2014,37.86
PNOA-MDT05-ETRS89-HU30-0916-LID.TIF,0916,MDT05,30,"2014, 2015",94.32
PNOA-MDT05-ETRS89-HU30-0917-LID.TIF,0917,MDT05,30,"2010, 2014, 2015",94.6
PNOA-MDT05-ETRS89-HU30-0918-LID.TIF,0918,MDT05,30,"2010, 2014, 2015",90.58
PNOA-MDT05-ETRS89-HU30-0919-LID.TIF,0919,MDT05,30,"2010, 2014",91.85
PNOA-MDT05-ETRS89-HU30-0920-LID.TIF,0920,MDT05,30,"2010, 2014",90.66
PNOA-MDT05-ETRS89-HU30-0921-LID.TIF,0921,MDT05,30,2014,89.44
PNOA-MDT05-ETRS89-HU30-0922-LID.TIF,0922,MDT05,30,2014,86.4
PNOA-MDT05-ETRS89-HU30-0923-LID.TIF,0923,MDT05,30,2014,83.04
PNOA-MDT05-ETRS89-HU30-0924-LID.TIF,0924,MDT05,30,2014,83.58
PNOA-MDT05-ETRS89-HU30-0925-LID.TIF,0925,MDT05,30,2014,84.51
PNOA-MDT05-ETRS89-HU30-0926-LID.TIF,0926,MDT05,30,2014,82.08
PNOA-MDT05-ETRS89-HU30-0927-LID.TIF,0927,MDT05,30,2014,84.17
PNOA-MDT05-ETRS89-HU30-0928-LID.TIF,0928,MDT05,30,2014,87.11
PNOA-MDT05-ETRS89-HU30-0929-LID.TIF,0929,MDT05,30,2014,86.5
PNOA-MDT05-ETRS89-HU30-0930-LID.TIF,0930,MDT05,30,"2009, 2014",79.61
PNOA-MDT05-ETRS89-HU30-0931-LID.TIF,0931,MDT05,30,"2009, 2014",83.25
PNOA-MDT05-ETRS89-HU30-0932-LID.TIF,0932,MDT05,30,2009,87.03
PNOA-MDT05-ETRS89-HU30-0933-LID.TIF,0933,MDT05,30,2009,86.3
PNOA-MDT05-ETRS89-HU30-0934-LID.TIF,0934,MDT05,30,2009,83.1
PNOA-MDT05-ETRS89-HU30-0935-LID.TIF,0935,MDT05,30,2009,32.18
PNOA-MDT05-ETRS89-HU30-0936-LID.TIF,0936,MDT05,30,2014,78.4
PNOA-MDT05-ETRS89-HU30-0937-LID.TIF,0937,MDT05,30,"2014, 2015",90.19
PNOA-MDT05-ETRS89-HU30-0938-LID.TIF,0938,MDT05,30,"2014, 2015",92.69
PNOA-MDT05-ETRS89-HU30-0939-LID.TIF,0939,MDT05,30,"2014, 2015",90.89
PNOA-MDT05-ETRS89-HU30-0940-LID.TIF,0940,MDT05,30,2014,87.98
PNOA-MDT05-ETRS89-HU30-0941-LID.TIF,0941,MDT05,30,2014,88.51
PNOA-MDT05-ETRS89-HU30-0942-LID.TIF,0942,MDT05,30,2014,81.47
PNOA-MDT05-ETRS89-HU30-0943-LID.TIF,0943,MDT05,30,2014,78.07
PNOA-MDT05-ETRS89-HU30-0944-LID.TIF,0944,MDT05,30,2014,84.78
PNOA-MDT05-ETRS89-HU30-0945-LID.TIF,0945,MDT05,30,2014,85.21
PNOA-MDT05-ETRS89-HU30-0946-LID.TIF,0946,MDT05,30,2014,86.4
PNOA-MDT05-ETRS89-HU30-0947-LID.TIF,0947,MDT05,30,2014,87.5
PNOA-MDT05-ETRS89-HU30-0948-LID.TIF,0948,MDT05,30,2014,87.98
PNOA-MDT05-ETRS89-HU30-0949-LID.TIF,0949,MDT05,30,2014,85.7
PNOA-MDT05-ETRS89-HU30-0950-LID.TIF,0950,MDT05,30,2014,81.3
PNOA-MDT05-ETRS89-HU30-0951-LID.TIF,0951,MDT05,30,2014,79.17
PNOA-MDT05-ETRS89-HU30-0952-LID.TIF,0952,MDT05,30,"2009, 2014",84.52
PNOA-MDT05-ETRS89-HU30-0953-LID.TIF,0953,MDT05,30,2009,84.91
PNOA-MDT05-ETRS89-HU30-0954-LID.TIF,0954,MDT05,30,2009,80.3
PNOA-MDT05-ETRS89-HU30-0955-LID.TIF,0955,MDT05,30,2009,76.68
PNOA-MDT05-ETRS89-HU30-0956-LID.TIF,0956,MDT05,30,2009,21.11
PNOA-MDT05-ETRS89-HU30-0958-LID.TIF,0958,MDT05,30,"2014, 2015",84
PNOA-MDT05-ETRS89-HU30-0959-LID.TIF,0959,MDT05,30,"2014, 2015",90.71
PNOA-MDT05-ETRS89-HU30-0960-LID.TIF,0960,MDT05,30,2015,92.6
PNOA-MDT05-ETRS89-HU30-0961-LID.TIF,0961,MDT05,30,"2014, 2015",91.06
PNOA-MDT05-ETRS89-HU30-0962-LID.TIF,0962,MDT05,30,2014,83.09
PNOA-MDT05-ETRS89-HU30-0963-LID.TIF,0963,MDT05,30,2014,76.96
PNOA-MDT05-ETRS89-HU30-0964-LID.TIF,0964,MDT05,30,2014,76.9
PNOA-MDT05-ETRS89-HU30-0965-LID.TIF,0965,MDT05,30,2014,79.73
PNOA-MDT05-ETRS89-HU30-0966-LID.TIF,0966,MDT05,30,2014,85.35
PNOA-MDT05-ETRS89-HU30-0967-LID.TIF,0967,MDT05,30,2014,87.99
PNOA-MDT05-ETRS89-HU30-0968-LID.TIF,0968,MDT05,30,2014,88.19
PNOA-MDT05-ETRS89-HU30-0969-LID.TIF,0969,MDT05,30,2014,88.27
PNOA-MDT05-ETRS89-HU30-0970-LID.TIF,0970,MDT05,30,2014,81.62
PNOA-MDT05-ETRS89-HU30-0971-LID.TIF,0971,MDT05,30,2014,82.87
PNOA-MDT05-ETRS89-HU30-0972-LID.TIF,0972,MDT05,30,2014,80.72
PNOA-MDT05-ETRS89-HU30-0973-LID.TIF,0973,MDT05,30,2014,79.96
PNOA-MDT05-ETRS89-HU30-0974-LID.TIF,0974,MDT05,30,"2009, 2014",83.39
PNOA-MDT05-ETRS89-HU30-0975-LID.TIF,0975,MDT05,30,2009,85.59
PNOA-MDT05-ETRS89-HU30-0976-LID.TIF,0976,MDT05,30,2009,73.46
PNOA-MDT05-ETRS89-HU30-0977-LID.TIF,0977,MDT05,30,2009,58.5
PNOA-MDT05-ETRS89-HU30-0978-LID.TIF,0978,MDT05,30,2009,22.5
PNOA-MDT05-ETRS89-HU30-0980-LID.TIF,0980,MDT05,30,"2014, 2015",86.59
PNOA-MDT05-ETRS89-HU30-0981-LID.TIF,0981,MDT05,30,2015,86.01
PNOA-MDT05-ETRS89-HU30-0982-LID.TIF,0982,MDT05,30,"2014, 2015",85.59
PNOA-MDT05-ETRS89-HU30-0983-LID.TIF,0983,MDT05,30,"2014, 2015",83.57
PNOA-MDT05-ETRS89-HU30-0984-LID.TIF,0984,MDT05,30,2014,77
PNOA-MDT05-ETRS89-HU30-0985-LID.TIF,0985,MDT05,30,2014,78.62
PNOA-MDT05-ETRS89-HU30-0986-LID.TIF,0986,MDT05,30,2014,77.69
PNOA-MDT05-ETRS89-HU30-0987-LID.TIF,0987,MDT05,30,2014,80.74
PNOA-MDT05-ETRS89-HU30-0988-LID.TIF,0988,MDT05,30,2014,84.12
PNOA-MDT05-ETRS89-HU30-0989-LID.TIF,0989,MDT05,30,2014,89.03
PNOA-MDT05-ETRS89-HU30-0990-LID.TIF,0990,MDT05,30,2014,87.87
PNOA-MDT05-ETRS89-HU30-0991-LID.TIF,0991,MDT05,30,2014,86.64
PNOA-MDT05-ETRS89-HU30-0992-LID.TIF,0992,MDT05,30,2014,82.78
PNOA-MDT05-ETRS89-HU30-0993-LID.TIF,0993,MDT05,30,2014,81.75
PNOA-MDT05-ETRS89-HU30-0994-LID.TIF,0994,MDT05,30,2014,82.51
PNOA-MDT05-ETRS89-HU30-0995-LID.TIF,0995,MDT05,30,2014,80.63
PNOA-MDT05-ETRS89-HU30-0996-LID.TIF,0996,MDT05,30,"2009, 2014",79
PNOA-MDT05-ETRS89-HU30-0997B-LID.TIF,0997,MDT05,30,2009,8.91
PNOA-MDT05-ETRS89-HU30-0997-LID.TIF,0997,MDT05,30,"2009, 2014",70.37
PNOA-MDT05-ETRS89-HU30-0998-LID.TIF,0998,MDT05,30,"2014, 2015",56.66
PNOA-MDT05-ETRS89-HU30-0999-LID.TIF,0999,MDT05,30,2015,64.69
PNOA-MDT05-ETRS89-HU30-1000-LID.TIF,1000,MDT05,30,"2014, 2015",79.45
PNOA-MDT05-ETRS89-HU30-1001-LID.TIF,1001,MDT05,30,2014,77.26
PNOA-MDT05-ETRS89-HU30-1002-LID.TIF,1002,MDT05,30,2014,71.15
PNOA-MDT05-ETRS89-HU30-1003-LID.TIF,1003,MDT05,30,2014,73.41
PNOA-MDT05-ETRS89-HU30-1004-LID.TIF,1004,MDT05,30,2014,80.4
PNOA-MDT05-ETRS89-HU30-1005-LID.TIF,1005,MDT05,30,2014,83.56
PNOA-MDT05-ETRS89-HU30-1006-LID.TIF,1006,MDT05,30,2014,84.73
PNOA-MDT05-ETRS89-HU30-1007-LID.TIF,1007,MDT05,30,2014,86.12
PNOA-MDT05-ETRS89-HU30-1008-LID.TIF,1008,MDT05,30,2014,86.82
PNOA-MDT05-ETRS89-HU30-1009-LID.TIF,1009,MDT05,30,2014,81.09
PNOA-MDT05-ETRS89-HU30-1010-LID.TIF,1010,MDT05,30,2014,86.35
PNOA-MDT05-ETRS89-HU30-1011-LID.TIF,1011,MDT05,30,2014,78
PNOA-MDT05-ETRS89-HU30-1012-LID.TIF,1012,MDT05,30,2014,85.2
PNOA-MDT05-ETRS89-HU30-1013-LID.TIF,1013,MDT05,30,2014,85.35
PNOA-MDT05-ETRS89-HU30-1014-LID.TIF,1014,MDT05,30,2014,82.66
PNOA-MDT05-ETRS89-HU30-1015-LID.TIF,1015,MDT05,30,2014,21.62
PNOA-MDT05-ETRS89-HU30-1016-LID.TIF,1016,MDT05,30,2015,2.99
PNOA-MDT05-ETRS89-HU30-1017-LID.TIF,1017,MDT05,30,"2014, 2015",45.41
PNOA-MDT05-ETRS89-HU30-1018-LID.TIF,1018,MDT05,30,2014,57.96
PNOA-MDT05-ETRS89-HU30-1019-LID.TIF,1019,MDT05,30,2014,54.42
PNOA-MDT05-ETRS89-HU30-1020-LID.TIF,1020,MDT05,30,"2014, 2015",81.25
PNOA-MDT05-ETRS89-HU30-1021-LID.TIF,1021,MDT05,30,"2014, 2015",88.78
PNOA-MDT05-ETRS89-HU30-1022-LID.TIF,1022,MDT05,30,"2014, 2015",87.41
PNOA-MDT05-ETRS89-HU30-1023-LID.TIF,1023,MDT05,30,2014,74.31
PNOA-MDT05-ETRS89-HU30-1024-LID.TIF,1024,MDT05,30,2014,84.25
PNOA-MDT05-ETRS89-HU30-1025-LID.TIF,1025,MDT05,30,2014,87.04
PNOA-MDT05-ETRS89-HU30-1026-LID.TIF,1026,MDT05,30,2014,82.5
PNOA-MDT05-ETRS89-HU30-1027-LID.TIF,1027,MDT05,30,2014,88.27
PNOA-MDT05-ETRS89-HU30-1028-LID.TIF,1028,MDT05,30,2014,85.59
PNOA-MDT05-ETRS89-HU30-1029-LID.TIF,1029,MDT05,30,2014,83.34
PNOA-MDT05-ETRS89-HU30-1030-LID.TIF,1030,MDT05,30,2014,80.63
PNOA-MDT05-ETRS89-HU30-1031-LID.TIF,1031,MDT05,30,2014,81.53
PNOA-MDT05-ETRS89-HU30-1032B-LID.TIF,1032,MDT05,30,2014,1.54
PNOA-MDT05-ETRS89-HU30-1032-LID.TIF,1032,MDT05,30,2014,3.09
PNOA-MDT05-ETRS89-HU30-1033-LID.TIF,1033,MDT05,30,2014,48.06
PNOA-MDT05-ETRS89-HU30-1034-LID.TIF,1034,MDT05,30,"2014, 2015",76.04
PNOA-MDT05-ETRS89-HU30-1035-LID.TIF,1035,MDT05,30,"2014, 2015",84.92
PNOA-MDT05-ETRS89-HU30-1036-LID.TIF,1036,MDT05,30,"2014, 2015",87.5
PNOA-MDT05-ETRS89-HU30-1037-LID.TIF,1037,MDT05,30,"2014, 2015",86.67
PNOA-MDT05-ETRS89-HU30-1038-LID.TIF,1038,MDT05,30,2014,84.43
PNOA-MDT05-ETRS89-HU30-1039-LID.TIF,1039,MDT05,30,2014,86.92
PNOA-MDT05-ETRS89-HU30-1040-LID.TIF,1040,MDT05,30,2014,86.26
PNOA-MDT05-ETRS89-HU30-1041-LID.TIF,1041,MDT05,30,2014,86.63
PNOA-MDT05-ETRS89-HU30-1042-LID.TIF,1042,MDT05,30,2014,86.69
PNOA-MDT05-ETRS89-HU30-1043-LID.TIF,1043,MDT05,30,2014,84.18
PNOA-MDT05-ETRS89-HU30-1044-LID.TIF,1044,MDT05,30,2014,84.71
PNOA-MDT05-ETRS89-HU30-1045-LID.TIF,1045,MDT05,30,2014,80.11
PNOA-MDT05-ETRS89-HU30-1046-LID.TIF,1046,MDT05,30,2014,55.97
PNOA-MDT05-ETRS89-HU30-1047-LID.TIF,1047,MDT05,30,"2014, 2015",50.12
PNOA-MDT05-ETRS89-HU30-1048-LID.TIF,1048,MDT05,30,"2014, 2015",79.15
PNOA-MDT05-ETRS89-HU30-1049-LID.TIF,1049,MDT05,30,"2014, 2015",80.69
PNOA-MDT05-ETRS89-HU30-1050-LID.TIF,1050,MDT05,30,"2014, 2015",89.81
PNOA-MDT05-ETRS89-HU30-1051-LID.TIF,1051,MDT05,30,"2014, 2015",87.66
PNOA-MDT05-ETRS89-HU30-1052-LID.TIF,1052,MDT05,30,2014,84.32
PNOA-MDT05-ETRS89-HU30-1053-LID.TIF,1053,MDT05,30,2014,66.79
PNOA-MDT05-ETRS89-HU30-1054-LID.TIF,1054,MDT05,30,2014,50.7
PNOA-MDT05-ETRS89-HU30-1055-LID.TIF,1055,MDT05,30,2014,51.21
PNOA-MDT05-ETRS89-HU30-1056-LID.TIF,1056,MDT05,30,2014,57.37
PNOA-MDT05-ETRS89-HU30-1057-LID.TIF,1057,MDT05,30,2014,45.79
PNOA-MDT05-ETRS89-HU30-1058-LID.TIF,1058,MDT05,30,2014,47.01
PNOA-MDT05-ETRS89-HU30-1059-LID.TIF,1059,MDT05,30,2014,10.86
PNOA-MDT05-ETRS89-HU30-1060-LID.TIF,1060,MDT05,30,2014,18.28
PNOA-MDT05-ETRS89-HU30-1061-LID.TIF,1061,MDT05,30,2015,22.19
PNOA-MDT05-ETRS89-HU30-1062-LID.TIF,1062,MDT05,30,2015,73.7
PNOA-MDT05-ETRS89-HU30-1063-LID.TIF,1063,MDT05,30,"2014, 2015",84.35
PNOA-MDT05-ETRS89-HU30-1064-LID.TIF,1064,MDT05,30,"2014, 2015",92.47
PNOA-MDT05-ETRS89-HU30-1065-LID.TIF,1065,MDT05,30,2014,90.33
PNOA-MDT05-ETRS89-HU30-1066-LID.TIF,1066,MDT05,30,2014,73.36
PNOA-MDT05-ETRS89-HU30-1067-LID.TIF,1067,MDT05,30,2014,4.21
PNOA-MDT05-ETRS89-HU30-1068-LID.TIF,1068,MDT05,30,2015,5.67
PNOA-MDT05-ETRS89-HU30-1069-LID.TIF,1069,MDT05,30,2015,77.46
PNOA-MDT05-ETRS89-HU30-1070-LID.TIF,1070,MDT05,30,"2014, 2015",83.57
PNOA-MDT05-ETRS89-HU30-1071-LID.TIF,1071,MDT05,30,2014,84.66
PNOA-MDT05-ETRS89-HU30-1072B-LID.TIF,1072,MDT05,30,2014,2.46
PNOA-MDT05-ETRS89-HU30-1072-LID.TIF,1072,MDT05,30,2014,20.22
PNOA-MDT05-ETRS89-HU30-1073-LID.TIF,1073,MDT05,30,2015,51.05
PNOA-MDT05-ETRS89-HU30-1074-LID.TIF,1074,MDT05,30,"2014, 2015",82.28
PNOA-MDT05-ETRS89-HU30-1075-LID.TIF,1075,MDT05,30,2014,55.27
PNOA-MDT05-ETRS89-HU30-1076-LID.TIF,1076,MDT05,30,2015,1.38
PNOA-MDT05-ETRS89-HU30-1077-LID.TIF,1077,MDT05,30,"2014, 2015",57.22
PNOA-MDT05-ETRS89-HU30-1078B-COR.TIF,1078,MDT05,30,2002,0.02
PNOA-MDT05-ETRS89-HU30-1078-LID.TIF,1078,MDT05,30,"2014, 2015",17.11
PNOA-MDT05-ETRS89-HU30-1110-COR.TIF,1110,MDT05,30,2014,6.97
PNOA-MDT05-ETRS89-HU30-1111-COR.TIF,1111,MDT05,30,2014,4.29
PNOA-MDT05-ETRS89-HU31-0118B-LID.TIF,0118,MDT05,31,"2008, 2009, 2010",16.38
PNOA-MDT05-ETRS89-HU31-0146-LID.TIF,0146,MDT05,31,2010,45.51
PNOA-MDT05-ETRS89-HU31-0147-LID.TIF,0147,MDT05,31,2010,37.45
PNOA-MDT05-ETRS89-HU31-0148-LID.TIF,0148,MDT05,31,"2008, 2009, 2010",70.34
PNOA-MDT05-ETRS89-HU31-0149B-LID.TIF,0149,MDT05,31,"2008, 2009, 2010",4.5
PNOA-MDT05-ETRS89-HU31-0149-LID.TIF,0149,MDT05,31,"2008, 2009, 2010",81.55
PNOA-MDT05-ETRS89-HU31-0150-LID.TIF,0150,MDT05,31,"2008, 2009, 2010",40.05
PNOA-MDT05-ETRS89-HU31-0178-LID.TIF,0178,MDT05,31,2010,89.94
PNOA-MDT05-ETRS89-HU31-0179-LID.TIF,0179,MDT05,31,2010,89.61
PNOA-MDT05-ETRS89-HU31-0180-LID.TIF,0180,MDT05,31,"2008, 2009, 2010",87.52
PNOA-MDT05-ETRS89-HU31-0181-LID.TIF,0181,MDT05,31,"2008, 2009, 2010",86.9
PNOA-MDT05-ETRS89-HU31-0182-LID.TIF,0182,MDT05,31,"2008, 2009, 2010",87.7
PNOA-MDT05-ETRS89-HU31-0183-LID.TIF,0183,MDT05,31,"2008, 2009, 2010",82.96
PNOA-MDT05-ETRS89-HU31-0211-LID.TIF,0211,MDT05,31,2010,87.77
PNOA-MDT05-ETRS89-HU31-0212-LID.TIF,0212,MDT05,31,2010,87.78
PNOA-MDT05-ETRS89-HU31-0213-LID.TIF,0213,MDT05,31,"2008, 2009, 2010",87.16
PNOA-MDT05-ETRS89-HU31-0214-LID.TIF,0214,MDT05,31,"2008, 2009, 2010",87.99
PNOA-MDT05-ETRS89-HU31-0215-LID.TIF,0215,MDT05,31,"2008, 2009, 2010",86.61
PNOA-MDT05-ETRS89-HU31-0216-LID.TIF,0216,MDT05,31,"2008, 2009, 2010",84.66
PNOA-MDT05-ETRS89-HU31-0217B-LID.TIF,0217,MDT05,31,"2008, 2009, 2010",1.62
PNOA-MDT05-ETRS89-HU31-0217-LID.TIF,0217,MDT05,31,"2008, 2009, 2010",71.68
PNOA-MDT05-ETRS89-HU31-0218-LID.TIF,0218,MDT05,31,"2008, 2009, 2010",58.32
PNOA-MDT05-ETRS89-HU31-0219-LID.TIF,0219,MDT05,31,"2008, 2009, 2010",48.61
PNOA-MDT05-ETRS89-HU31-0220-LID.TIF,0220,MDT05,31,"2008, 2009, 2010",77.12
PNOA-MDT05-ETRS89-HU31-0221-LID.TIF,0221,MDT05,31,"2008, 2009, 2010",6.63
PNOA-MDT05-ETRS89-HU31-0249-LID.TIF,0249,MDT05,31,2010,88.15
PNOA-MDT05-ETRS89-HU31-0250-LID.TIF,0250,MDT05,31,2010,85.86
PNOA-MDT05-ETRS89-HU31-0251-LID.TIF,0251,MDT05,31,"2008, 2009, 2010",86.61
PNOA-MDT05-ETRS89-HU31-0252-LID.TIF,0252,MDT05,31,"2008, 2009, 2010",85.7
PNOA-MDT05-ETRS89-HU31-0253-LID.TIF,0253,MDT05,31,"2008, 2009, 2010",86.07
PNOA-MDT05-ETRS89-HU31-0254-LID.TIF,0254,MDT05,31,"2008, 2009, 2010",85.8
PNOA-MDT05-ETRS89-HU31-0255-LID.TIF,0255,MDT05,31,"2008, 2009, 2010",84.52
PNOA-MDT05-ETRS89-HU31-0256-LID.TIF,0256,MDT05,31,"2008, 2009, 2010",83.87
PNOA-MDT05-ETRS89-HU31-0257-LID.TIF,0257,MDT05,31,"2008, 2009, 2010",83.73
PNOA-MDT05-ETRS89-HU31-0258-LID.TIF,0258,MDT05,31,"2008, 2009, 2010",68.05
PNOA-MDT05-ETRS89-HU31-0259-LID.TIF,0259,MDT05,31,"2008, 2009, 2010",19.68
PNOA-MDT05-ETRS89-HU31-0287-LID.TIF,0287,MDT05,31,2010,83.87
PNOA-MDT05-ETRS89-HU31-0288-LID.TIF,0288,MDT05,31,2010,85.26
PNOA-MDT05-ETRS89-HU31-0289-LID.TIF,0289,MDT05,31,"2008, 2009, 2010",85.49
PNOA-MDT05-ETRS89-HU31-0290-LID.TIF,0290,MDT05,31,"2008, 2009, 2010",86
PNOA-MDT05-ETRS89-HU31-0291-LID.TIF,0291,MDT05,31,"2008, 2009, 2010",85.56
PNOA-MDT05-ETRS89-HU31-0292-LID.TIF,0292,MDT05,31,"2008, 2009, 2010",84.73
PNOA-MDT05-ETRS89-HU31-0293-LID.TIF,0293,MDT05,31,"2008, 2009, 2010",83.33
PNOA-MDT05-ETRS89-HU31-0294-LID.TIF,0294,MDT05,31,"2008, 2009, 2010",83.08
PNOA-MDT05-ETRS89-HU31-0295-LID.TIF,0295,MDT05,31,"2008, 2009, 2010",83.34
PNOA-MDT05-ETRS89-HU31-0296-LID.TIF,0296,MDT05,31,"2008, 2009, 2010",71.48
PNOA-MDT05-ETRS89-HU31-0297-LID.TIF,0297,MDT05,31,"2008, 2009, 2010",7.91
PNOA-MDT05-ETRS89-HU31-0325-LID.TIF,0325,MDT05,31,2010,78.37
PNOA-MDT05-ETRS89-HU31-0326-LID.TIF,0326,MDT05,31,"2008, 2009, 2010",80.99
PNOA-MDT05-ETRS89-HU31-0327-LID.TIF,0327,MDT05,31,"2008, 2009, 2010",84.6
PNOA-MDT05-ETRS89-HU31-0328-LID.TIF,0328,MDT05,31,"2008, 2009, 2010",84.44
PNOA-MDT05-ETRS89-HU31-0329-LID.TIF,0329,MDT05,31,"2008, 2009, 2010",82.88
PNOA-MDT05-ETRS89-HU31-0330-LID.TIF,0330,MDT05,31,"2008, 2009, 2010",83.82
PNOA-MDT05-ETRS89-HU31-0331-LID.TIF,0331,MDT05,31,"2008, 2009, 2010",84.27
PNOA-MDT05-ETRS89-HU31-0332-LID.TIF,0332,MDT05,31,"2008, 2009, 2010",81.71
PNOA-MDT05-ETRS89-HU31-0333-LID.TIF,0333,MDT05,31,"2008, 2009, 2010",80.69
PNOA-MDT05-ETRS89-HU31-0334-LID.TIF,0334,MDT05,31,"2008, 2009, 2010",77.98
PNOA-MDT05-ETRS89-HU31-0335-LID.TIF,0335,MDT05,31,"2008, 2009, 2010",12.86
PNOA-MDT05-ETRS89-HU31-0357-LID.TIF,0357,MDT05,31,2010,78
PNOA-MDT05-ETRS89-HU31-0358-LID.TIF,0358,MDT05,31,"2008, 2009, 2010",76.43
PNOA-MDT05-ETRS89-HU31-0359-LID.TIF,0359,MDT05,31,"2008, 2009, 2010",75.83
PNOA-MDT05-ETRS89-HU31-0360-LID.TIF,0360,MDT05,31,"2008, 2009, 2010",72.44
PNOA-MDT05-ETRS89-HU31-0361-LID.TIF,0361,MDT05,31,"2008, 2009, 2010",80.66
PNOA-MDT05-ETRS89-HU31-0362-LID.TIF,0362,MDT05,31,"2008, 2009, 2010",83.95
PNOA-MDT05-ETRS89-HU31-0363-LID.TIF,0363,MDT05,31,"2008, 2009, 2010",83.98
PNOA-MDT05-ETRS89-HU31-0364-LID.TIF,0364,MDT05,31,"2008, 2009, 2010",85.03
PNOA-MDT05-ETRS89-HU31-0365-LID.TIF,0365,MDT05,31,"2008, 2009, 2010",80.8
PNOA-MDT05-ETRS89-HU31-0366-LID.TIF,0366,MDT05,31,"2008, 2009, 2010",38.16
PNOA-MDT05-ETRS89-HU31-0386-LID.TIF,0386,MDT05,31,2010,80.89
PNOA-MDT05-ETRS89-HU31-0387-LID.TIF,0387,MDT05,31,"2008, 2009, 2010",79.62
PNOA-MDT05-ETRS89-HU31-0388-LID.TIF,0388,MDT05,31,"2008, 2009, 2010",74.6
PNOA-MDT05-ETRS89-HU31-0389-LID.TIF,0389,MDT05,31,"2008, 2009, 2010",75.45
PNOA-MDT05-ETRS89-HU31-0390-LID.TIF,0390,MDT05,31,"2008, 2009, 2010",82.72
PNOA-MDT05-ETRS89-HU31-0391-LID.TIF,0391,MDT05,31,"2008, 2009, 2010",84.96
PNOA-MDT05-ETRS89-HU31-0392-LID.TIF,0392,MDT05,31,"2008, 2009, 2010",84.14
PNOA-MDT05-ETRS89-HU31-0393-LID.TIF,0393,MDT05,31,"2008, 2009, 2010",77.85
PNOA-MDT05-ETRS89-HU31-0394-LID.TIF,0394,MDT05,31,"2008, 2009, 2010",30.18
PNOA-MDT05-ETRS89-HU31-0414-LID.TIF,0414,MDT05,31,2010,77.96
PNOA-MDT05-ETRS89-HU31-0415-LID.TIF,0415,MDT05,31,"2008, 2009, 2010",82.56
PNOA-MDT05-ETRS89-HU31-0416-LID.TIF,0416,MDT05,31,"2008, 2009, 2010",83.34
PNOA-MDT05-ETRS89-HU31-0417-LID.TIF,0417,MDT05,31,"2008, 2009, 2010",84.87
PNOA-MDT05-ETRS89-HU31-0418-LID.TIF,0418,MDT05,31,"2008, 2009, 2010",84.29
PNOA-MDT05-ETRS89-HU31-0419-LID.TIF,0419,MDT05,31,"2008, 2009, 2010",82.94
PNOA-MDT05-ETRS89-HU31-0420-LID.TIF,0420,MDT05,31,"2008, 2009, 2010",82.57
PNOA-MDT05-ETRS89-HU31-0421B-LID.TIF,0421,MDT05,31,"2008, 2009, 2010",0.72
PNOA-MDT05-ETRS89-HU31-0421-LID.TIF,0421,MDT05,31,"2008, 2009, 2010",23.58
PNOA-MDT05-ETRS89-HU31-0442-LID.TIF,0442,MDT05,31,2010,77.02
PNOA-MDT05-ETRS89-HU31-0443-LID.TIF,0443,MDT05,31,"2008, 2009, 2010",85.41
PNOA-MDT05-ETRS89-HU31-0444-LID.TIF,0444,MDT05,31,"2008, 2009, 2010",87.59
PNOA-MDT05-ETRS89-HU31-0445-LID.TIF,0445,MDT05,31,"2008, 2009, 2010",87.68
PNOA-MDT05-ETRS89-HU31-0446-LID.TIF,0446,MDT05,31,"2008, 2009, 2010",81.47
PNOA-MDT05-ETRS89-HU31-0447-LID.TIF,0447,MDT05,31,"2008, 2009, 2010",66.09
PNOA-MDT05-ETRS89-HU31-0448-LID.TIF,0448,MDT05,31,"2008, 2009, 2010",33.64
PNOA-MDT05-ETRS89-HU31-0469-LID.TIF,0469,MDT05,31,"2008, 2009, 2010",85.22
PNOA-MDT05-ETRS89-HU31-0470-LID.TIF,0470,MDT05,31,"2008, 2009, 2010",85.76
PNOA-MDT05-ETRS89-HU31-0471-LID.TIF,0471,MDT05,31,"2008, 2009, 2010",87.04
PNOA-MDT05-ETRS89-HU31-0472-LID.TIF,0472,MDT05,31,"2008, 2009, 2010",67.07
PNOA-MDT05-ETRS89-HU31-0473B-LID.TIF,0473,MDT05,31,"2008, 2009, 2010",0.2
PNOA-MDT05-ETRS89-HU31-0473-LID.TIF,0473,MDT05,31,"2008, 2009, 2010",23.52
PNOA-MDT05-ETRS89-HU31-0495-LID.TIF,0495,MDT05,31,2010,87.41
PNOA-MDT05-ETRS89-HU31-0496-LID.TIF,0496,MDT05,31,"2008, 2009, 2010",88.92
PNOA-MDT05-ETRS89-HU31-0497-LID.TIF,0497,MDT05,31,"2008, 2009, 2010",84.79
PNOA-MDT05-ETRS89-HU31-0498-LID.TIF,0498,MDT05,31,"2008, 2009, 2010",10.76
PNOA-MDT05-ETRS89-HU31-0520-LID.TIF,0520,MDT05,31,"2008, 2009, 2010",89.36
PNOA-MDT05-ETRS89-HU31-0521-LID.TIF,0521,MDT05,31,"2008, 2009, 2010",89.46
PNOA-MDT05-ETRS89-HU31-0522-LID.TIF,0522,MDT05,31,"2008, 2009, 2010",63.67
PNOA-MDT05-ETRS89-HU31-0523-LID.TIF,0523,MDT05,31,"2008, 2009, 2010",3.72
PNOA-MDT05-ETRS89-HU31-0545-LID.TIF,0545,MDT05,31,"2009, 2010",89.13
PNOA-MDT05-ETRS89-HU31-0546-LID.TIF,0546,MDT05,31,"2008, 2009, 2010",85.08
PNOA-MDT05-ETRS89-HU31-0547-LID.TIF,0547,MDT05,31,"2008, 2009, 2010",33
PNOA-MDT05-ETRS89-HU31-0570-LID.TIF,0570,MDT05,31,2009,89.42
PNOA-MDT05-ETRS89-HU31-0571B-LID.TIF,0571,MDT05,31,2009,1.05
PNOA-MDT05-ETRS89-HU31-0571-LID.TIF,0571,MDT05,31,2009,74.7
PNOA-MDT05-ETRS89-HU31-0593-LID.TIF,0593,MDT05,31,2009,89.24
PNOA-MDT05-ETRS89-HU31-0594-LID.TIF,0594,MDT05,31,2009,37.7
PNOA-MDT05-ETRS89-HU31-0616-LID.TIF,0616,MDT05,31,2009,77.84
PNOA-MDT05-ETRS89-HU31-0617B-LID.TIF,0617,MDT05,31,2014,0.94
PNOA-MDT05-ETRS89-HU31-0617-LID.TIF,0617,MDT05,31,2009,2.9
PNOA-MDT05-ETRS89-HU31-0618-LID.TIF,0618,MDT05,31,2014,27.84
PNOA-MDT05-ETRS89-HU31-0619-LID.TIF,0619,MDT05,31,2014,4.04
PNOA-MDT05-ETRS89-HU31-0641-LID.TIF,0641,MDT05,31,2009,37.43
PNOA-MDT05-ETRS89-HU31-0642-LID.TIF,0642,MDT05,31,2009,0.23
PNOA-MDT05-ETRS89-HU31-0643-LID.TIF,0643,MDT05,31,2014,1.78
PNOA-MDT05-ETRS89-HU31-0644-LID.TIF,0644,MDT05,31,2014,33.54
PNOA-MDT05-ETRS89-HU31-0645B-LID.TIF,0645,MDT05,31,2014,0.25
PNOA-MDT05-ETRS89-HU31-0645-LID.TIF,0645,MDT05,31,2014,5.17
PNOA-MDT05-ETRS89-HU31-0646-LID.TIF,0646,MDT05,31,2014,40.33
PNOA-MDT05-ETRS89-HU31-0647-LID.TIF,0647,MDT05,31,2014,32
PNOA-MDT05-ETRS89-HU31-0669B-LID.TIF,0669,MDT05,31,2014,0.17
PNOA-MDT05-ETRS89-HU31-0669-LID.TIF,0669,MDT05,31,2009,6.63
PNOA-MDT05-ETRS89-HU31-0670-LID.TIF,0670,MDT05,31,2014,51.67
PNOA-MDT05-ETRS89-HU31-0671-LID.TIF,0671,MDT05,31,2014,75.99
PNOA-MDT05-ETRS89-HU31-0672-LID.TIF,0672,MDT05,31,2014,40.34
PNOA-MDT05-ETRS89-HU31-0673-LID.TIF,0673,MDT05,31,2014,2.8
PNOA-MDT05-ETRS89-HU31-0697-LID.TIF,0697,MDT05,31,2014,21.03
PNOA-MDT05-ETRS89-HU31-0698-LID.TIF,0698,MDT05,31,2014,66.56
PNOA-MDT05-ETRS89-HU31-0699-LID.TIF,0699,MDT05,31,2014,76.7
PNOA-MDT05-ETRS89-HU31-0700-LID.TIF,0700,MDT05,31,2014,56.08
PNOA-MDT05-ETRS89-HU31-0722B-LID.TIF,0722,MDT05,31,2014,0.53
PNOA-MDT05-ETRS89-HU31-0723-LID.TIF,0723,MDT05,31,2014,14.99
PNOA-MDT05-ETRS89-HU31-0724-LID.TIF,0724,MDT05,31,2014,64.96
PNOA-MDT05-ETRS89-HU31-0725-LID.TIF,0725,MDT05,31,2014,27.33
PNOA-MDT05-ETRS89-HU31-0748-LID.TIF,0748,MDT05,31,2014,8.8
PNOA-MDT05-ETRS89-HU31-0749-LID.TIF,0749,MDT05,31,2014,0.54
PNOA-MDT05-ETRS89-HU31-0771-LID.TIF,0771,MDT05,31,2009,1.36
PNOA-MDT05-ETRS89-HU31-0772-LID.TIF,0772,MDT05,31,2014,21.41
PNOA-MDT05-ETRS89-HU31-0773-LID.TIF,0773,MDT05,31,2014,19.47
PNOA-MDT05-ETRS89-HU31-0774-LID.TIF,0774,MDT05,31,2014,2.28
PNOA-MDT05-ETRS89-HU31-0796-LID.TIF,0796,MDT05,31,2009,35.24
PNOA-MDT05-ETRS89-HU31-0798-LID.TIF,0798,MDT05,31,2014,45.59
PNOA-MDT05-ETRS89-HU31-0799-LID.TIF,0799,MDT05,31,2014,6.52
PNOA-MDT05-ETRS89-HU31-0822-LID.TIF,0822,MDT05,31,2009,91.08
PNOA-MDT05-ETRS89-HU31-0823-LID.TIF,0823,MDT05,31,2009,11.01
PNOA-MDT05-ETRS89-HU31-0824-LID.TIF,0824,MDT05,31,2014,7.56
PNOA-MDT05-ETRS89-HU31-0825-LID.TIF,0825,MDT05,31,2014,3.12
PNOA-MDT05-ETRS89-HU31-0848-LID.TIF,0848,MDT05,31,2009,41.16
PNOA-MDT05-ETRS89-HU31-0849-LID.TIF,0849,MDT05,31,2014,1.41
PNOA-MDT05-ETRS89-HU31-0850-LID.TIF,0850,MDT05,31,2014,1.69
PNOA-MDT05-REGCAN95-HU28-1079B-LID.TIF,1079,MDT05,28,2009,0.02
PNOA-MDT05-REGCAN95-HU28-1079-LID.TIF,1079,MDT05,28,2009,4.43
PNOA-MDT05-REGCAN95-HU28-1080-LID.TIF,1080,MDT05,28,2009,32.55
PNOA-MDT05-REGCAN95-HU28-1081-LID.TIF,1081,MDT05,28,2009,24.08
PNOA-MDT05-REGCAN95-HU28-1082-LID.TIF,1082,MDT05,28,2009,59.94
PNOA-MDT05-REGCAN95-HU28-1083-LID.TIF,1083,MDT05,28,2009,64.6
PNOA-MDT05-REGCAN95-HU28-1084-LID.TIF,1084,MDT05,28,2009,13.73
PNOA-MDT05-REGCAN95-HU28-1085-LID.TIF,1085,MDT05,28,2009,52.52
PNOA-MDT05-REGCAN95-HU28-1086-LID.TIF,1086,MDT05,28,2009,42.87
PNOA-MDT05-REGCAN95-HU28-1087-LID.TIF,1087,MDT05,28,2009,8.78
PNOA-MDT05-REGCAN95-HU28-1088-LID.TIF,1088,MDT05,28,2009,42.3
PNOA-MDT05-REGCAN95-HU28-1089-LID.TIF,1089,MDT05,28,2009,20.5
PNOA-MDT05-REGCAN95-HU28-1090-LID.TIF,1090,MDT05,28,2009,67.73
PNOA-MDT05-REGCAN95-HU28-1091-LID.TIF,1091,MDT05,28,2009,64.87
PNOA-MDT05-REGCAN95-HU28-1092-LID.TIF,1092,MDT05,28,2009,72.61
PNOA-MDT05-REGCAN95-HU28-1093-LID.TIF,1093,MDT05,28,2009,51.25
PNOA-MDT05-REGCAN95-HU28-1094-LID.TIF,1094,MDT05,28,2009,38.25
PNOA-MDT05-REGCAN95-HU28-1095-LID.TIF,1095,MDT05,28,2009,62.05
PNOA-MDT05-REGCAN95-HU28-1096-LID.TIF,1096,MDT05,28,2009,64.44
PNOA-MDT05-REGCAN95-HU28-1097-LID.TIF,1097,MDT05,28,2009,52.14
PNOA-MDT05-REGCAN95-HU28-1098-LID.TIF,1098,MDT05,28,2009,29.24
PNOA-MDT05-REGCAN95-HU28-1099-LID.TIF,1099,MDT05,28,2009,27.36
PNOA-MDT05-REGCAN95-HU28-1100-LID.TIF,1100,MDT05,28,2009,36.29
PNOA-MDT05-REGCAN95-HU28-1102-LID.TIF,1102,MDT05,28,2009,27.7
PNOA-MDT05-REGCAN95-HU28-1103-LID.TIF,1103,MDT05,28,2009,35.73
PNOA-MDT05-REGCAN95-HU28-1104-LID.TIF,1104,MDT05,28,2009,87.04
PNOA-MDT05-REGCAN95-HU28-1105-1108-LID.TIF,1105-1,MDT05,28,2009,44.48
PNOA-MDT05-REGCAN95-HU28-1106-LID.TIF,1106,MDT05,28,2009,34.2
PNOA-MDT05-REGCAN95-HU28-1107-LID.TIF,1107,MDT05,28,2009,76.41
PNOA-MDT05-REGCAN95-HU28-1109-LID.TIF,1109,MDT05,28,2009,4.12
